lex_code,description
gacab10090,Acarbose 100mg Tabs90
gacab05090,Acarbose 50mg Tabs90
gace10060,Aceclofenac 100mg Tabs60
gace250112,Acetazolamide 250mg Tabs112
gacetyc0600030ul,Acetylcysteine 600mg Caps  (Unlicenced)30
gacetyc0600030,Acetylcysteine 600mg Caps #30
gacetyt0600030l,Acetylcysteine 600mg Tabs (licensed)(W)30
gacetyt0600030,Acetylcysteine 600mg Tabs (Unlicensed)30
gacc200,Aciclovir 200mg Tabs25
gacc20025,Aciclovir 200mg Tabs Disp25
gaccs200,Aciclovir 200mg/5ml Suspension  #125ml
gacc400,Aciclovir 400mg Tabs56
gacc40056,Aciclovir 400mg Tabs Disp56
gaccs400,Aciclovir 400mg/5ml SF Suspension100ml
gacc800,Aciclovir 800mg Tabs35
gacc80035,Aciclovir 800mg Tabs Disp35
gacc2gcre,Aciclovir Cream2g
gacc10g,Aciclovir Cream10g
gacicomani500,Acidex Compound Alginate Oral Solution Aniseed #500ml
gacicompep500,Acidex Compound Alginate Oral Solution Peppermint500ml
gacitc010060,Acitretin 10mg Caps60
gacitc025060,Acitretin 25mg Caps60
gacriv8024,Acrivastine 8mg Caps24
gacriv8012,Acrivastine 8mg Caps (Allergy Relief)12
gadaben001002045g,Adapalene & Benzoyl Peroxide 0.1/0.25% Gel45g
gadac045,Adapalene 0.1% Cream45g/60g
gadr01000001,Adrenaline 1mg/ml (1:1000) Ampoules #1ml x 10
gagom00250028,Agomelatine 25mg Tabs #28
galens070100,Alendronic Acid 70mg SF Oral Solution4x100ml
galen704,Alendronic Acid 70mg Tabs4
galf025100,Alfacalcidol 0.25mcg Caps30
galf025,Alfacalcidol 0.25mcg Caps (Unlicensed)30
galf0530,Alfacalcidol 0.50mcg Caps30
galf050,Alfacalcidol 0.50mcg Caps (Unlicensed)30
galf130,Alfacalcidol 1mcg Caps30
galf1,Alfacalcidol 1mcg Caps (Unlicensed)#30
galf1030,Alfuzosin 10mg XL Tabs30
galf0260,Alfuzosin 2.5mg Tabs #60
gali010028,Alimemazine 10mg Tabs28
galis30100,Alimemazine 30mg/5ml Forte Syrup **100ml
galis07100,Alimemazine 7.5mg/5ml Syrup **100ml
gall10028,Allopurinol 100mg Tabs28
gall30028,Allopurinol 300mg Tabs28
galm0125003,Almotriptan 12.5mg Tabs3
galm0125006,Almotriptan 12.5mg Tabs6
galv120,Alverine Citrate 120mg Caps60
galv060,Alverine Citrate 60mg Caps #100
gaman0100014,Amantadine 100mg Caps14
gaman0100056,Amantadine 100mg Caps #56
gamans00500150,Amantadine 50mg/5ml Suspension150ml
gamans050005150,Amantadine 50mg/5ml Syrup150ml
gamil528,Amiloride 5mg Tabs #28
gamil5150,Amiloride 5mg/5ml Solution SF150ml
gamio10028,Amiodarone 100mg Tabs28
gamio20028,Amiodarone 200mg Tabs28
gamis100mg,Amisulpride 100mg Tabs60
gamiss100060,Amisulpride 100mg/ml SF Solution60ml
gamis200mg,Amisulpride 200mg Tabs60
gamis400mg,Amisulpride 400mg Tabs60
gamis50mg,Amisulpride 50mg Tabs60
gamit1028,Amitriptyline 10mg Tabs28
gami010150,Amitriptyline 10mg/5ml Solution SF **150ml
gamit2528,Amitriptyline 25mg Tabs #28
gami25150,Amitriptyline 25mg/5ml Solution SF #150ml
gamit5028,Amitriptyline 50mg Tabs28
gami50150,Amitriptyline 50mg/5ml SF Solution #150ml
gamlo1028,Amlodipine 10mg Tabs28
gamlossf0101,Amlodipine 1mg/1ml Oral Sol SF FRIDGE150ml
gamlossf0201,Amlodipine 2mg/ml Oral Sol SF FRIDGE150ml
gaml528,Amlodipine 5mg Tabs28
gamlval010160028,Amlodipine B/Valsartan 10mg/160mg Tabs #28
gamlval005080028,Amlodipine B/Valsartan 5mg/80mg Tabs #28
gamlob10500,Amlodipine Besilate 10mg Tabs (POTS) ** #500
gamlob0025028,Amlodipine Besilate 2.5mg Tabs28
gamlob05500,Amlodipine Besilate 5mg Tabs (POTS)  #500
gamor005003,Amorolfine 5% Medicated Nail Lacquer3ml
gamor005005,Amorolfine 5% Medicated Nail Lacquer #5ml
gamox125100,Amoxicillin 125mg/5ml Syrup100ml
gamox125sf,Amoxicillin 125mg/5ml Syrup SF100ml
gamo25021,Amoxicillin 250mg Caps21
gamox250100,Amoxicillin 250mg/5ml Syrup100ml
gamox250sf,Amoxicillin 250mg/5ml Syrup SF100ml
gamox32,Amoxicillin 3g Sachets SF2
gamo50021,Amoxicillin 500mg Caps21
gamo50015,Amoxicillin 500mg Caps #15
gamoxp500005,Amoxicillin 500mg/5ml Powder for Oral Suspension100ml
ganas001028,Anastrozole 1mg Tabs*28
gapi002060,Apixaban 2.5mg Tabs #60
gapi002010,Apixaban 2.5mg Tabs # (W)10
gapi002020,Apixaban 2.5mg Tabs (W)20
gapi005056,Apixaban 5mg Tabs56
gapi005028,Apixaban 5mg Tabs #28
gaqu500,Aqueous Cream500ml
gaqu100,Aqueous Cream100g
garipod010028,Aripiprazole 10mg Orodispersible Tabs28
garip010028,Aripiprazole 10mg Tabs28
garipod015028,Aripiprazole 15mg Orodispersible Tabs28
garip015028,Aripiprazole 15mg Tabs28
garips0010150,Aripiprazole 1mg/ml Solution150ml
garip030028,Aripiprazole 30mg Tabs28
garip005028,Aripiprazole 5mg Tabs28
gasc10028,Ascorbic Acid 100mg Tabs 07/2628
gasc20028,Ascorbic Acid 200mg Tabs28
gasc50028,Ascorbic Acid 500mg Tabs28
gasc5028,Ascorbic Acid 50mg Tabs28
gasp300028,Aspirin 300mg Tabs28
gasp300d16,Aspirin 300mg Tabs Dispersible32
gasp75100d,Aspirin 75mg Dispersible Tabs100
gasp7528,Aspirin 75mg Dispersible Tabs (P) #28
gasp75100dpot,Aspirin 75mg Dispersible Tabs (POTS)100
gasp75ec28,Aspirin 75mg EC Tabs #28
gasp75ec56,Aspirin 75mg EC Tabs #56
gasp75t028,Aspirin 75mg Tabs28
gate10028,Atenolol 100mg Tabs28
gate2528,Atenolol 25mg Tabs28
gate2529,Atenolol 25mg/5ml Oral Sol300ml
gate5028,Atenolol 50mg Tabs28
gatom00100028,Atomoxetine 100mg Caps28
gatom0010028,Atomoxetine 10mg Caps28
gatom0018028,Atomoxetine 18mg Caps28
gatom0025028,Atomoxetine 25mg Caps **28
gatom0040028,Atomoxetine 40mg Caps28
gatom0060028,Atomoxetine 60mg Caps28
gatom0080028,Atomoxetine 80mg Caps28
gator010028,Atorvastatin 10mg Tabs28
gator020028,Atorvastatin 20mg Tabs28
gator030028,Atorvastatin 30mg Tabs **28
gator040028,Atorvastatin 40mg Tabs28
gator060028,Atorvastatin 60mg Tabs **28
gator080028,Atorvastatin 80mg Tabs28
gatopro250100012,Atovaquone 250mg/Proguanil 100mg Tabs **12
gatr110,Atropine 1% Eye Drops10ml
gaza100100,Azathioprine 100mg Tabs100
gaza2528,Azathioprine 25mg Tabs28
gaza25100,Azathioprine 25mg Tabs100
gaza5056,Azathioprine 50mg Tabs56
gaza75100,Azathioprine 75mg Tabs100
gazeflu137050017,Azelastine & Fluticasone 137/50mcg Nasal Spray17ml
gaze0005008,Azelastine 0.05% Eye Drops8ml
gazic25006,Azithromycin 250mg Caps6
gazic25004,Azithromycin 250mg Caps4
gazi25004,Azithromycin 250mg Tabs4
gazi25006,Azithromycin 250mg Tabs6
gazi50003,Azithromycin 500mg Tabs3
gazis20015,Azithromycin Oral Suspension15ml
gbac1084,Baclofen 10mg Tabs84
gbac1005150,Baclofen 10mg/5ml Oral Solution  #150ml
gbac05300,Baclofen Liquid 5mg/5ml S/F300ml
gbecd0025c,Beclometasone Dipropionate 0.25mg Cream30g
gbecd0025o,Beclometasone Dipropionate 0.25mg Oint30g
gben25500,Bendroflumethiazide 2.5mg Tabs28
gben5mg28,Bendroflumethiazide 5mg # Tabs **28
gbenzo300,Benzydamine Oral Rinse 0.15%300ml
gbenzs030,Benzydamine Oromucosal Spray 0.15%30ml
gbet1684,Betahistine 16mg Tabs84
gbet884,Betahistine 8mg Tabs84
gbetacli001030c030,Betamethasone & Clioquinol 0.1%/0.3% Cream #30g
gbetacli001030o030,Betamethasone & Clioquinol 1mg/5mg Ointment #30g
gbetaneo001005c030,Betamethasone & Neomycin 1mg/5mg Cream **30g
gbetaneo001005o030,Betamethasone & Neomycin 1mg/5mg Ointment **30g
gbetcre30g,Betamethasone 0.1% Cream30g
gbetcre99g,Betamethasone 0.1% Cream100g
gbetoint30g,Betamethasone 0.1% Ointment30g
gbetoint99g,Betamethasone 0.1% Ointment100g
gbetd001010,Betamethasone 0.1% w/v Drops10ml
gbetd001005,Betamethasone 0.1% w/v Drops5ml
gbet100,Betamethasone Scalp Application100ml
gbetsol005100,Betamethasone Soluble 0.5mg Tabs #100
gbetfuscre001002030,Betamethasone+Fusidic Acid 0.1%/2% Cream30g
gbetfuscre001002060,Betamethasone+Fusidic Acid 0.1%/2% Cream60g
gbez200100,Bezafibrate 200mg Tabs100
gbic15028,Bicalutamide 150mg Tabs28
gbic05028,Bicalutamide 50mg Tabs28
gbimed00113ml,Bimatoprost 0.1mg/ml Eye Drops3ml
gbim3ml,Bimatoprost 0.3mg/ml Eye Drops3ml
gbimedudv003030,Bimatoprost 0.3mg/ml Eye Drops Unit Dose Vials0.4ml x 30
gbimtim0305003,Bimatoprost/Timolol 0.3mg/5mg Eye Drops3ml
gbimtim0305030,Bimatoprost/Timolol 0.3mg/5mg UD Eye Drops30 x 0.4ml
gbis560,Bisacodyl 5mg Tabs60
gbis5100,Bisacodyl 5mg Tabs100
gbiso001100,Bisoprolol 1.25mg Tabs100
gbiso010100,Bisoprolol 10mg Tabs100
gbiso002100,Bisoprolol 2.5mg Tabs100
gbiso005100,Bisoprolol 5mg Tabs100
gbis1.25,Bisoprolol Fumarate 1.25mg Tabs28
gbis51028,Bisoprolol Fumarate 10mg Tabs28
gbis2.5,Bisoprolol Fumarate 2.5mg Tabs28
gbis3.75,Bisoprolol Fumarate 3.75mg Tabs28
gbis528,Bisoprolol Fumarate 5mg Tabs28
gbis7.5,Bisoprolol Fumarate 7.5mg Tabs28
gbri0.205,Brimonidine 0.2% Opthalmic Drops5ml
gbritimed010005005,Brinzolamide + Timolol 10mg/5ml Eye Drops5ml
gbried010001010,Brinzolamide 10mg/ml Eye Drops5ml
gbro25100,Bromocriptine 2.5mg Tabs30
gbudc003100,Budesonide 3mg CR Caps100
gbudaq,Budesonide Nasal Spray 64mcg1
gbume1mg28,Bumetanide 1mg Blister28
gbume5mg28,Bumetanide 5mg Tabs28
gbumea001005028,Bumetanide/Amiloride 1mg/5mg Tabs28
gbup0.407,Buprenorphine 0.4mg Tabs #7
gbupp01000407drel,Buprenorphine 10mcg/hr Patches 7 day4
gbupp01500407drel,Buprenorphine 15mcg/hr Patches 7 day (Reletrans)4
gbup2.007,Buprenorphine 2mg Tabs7
gbupp03500404d,Buprenorphine 35mcg/h Patches 4 day (96hr)** #4
gbupp0520044d,Buprenorphine 52.5mcg/h Patch 4 day (96hr)**4
gbupp0700044d,Buprenorphine 70mcg/h Patches 4 day (96hr) **4
gbup8.007,Buprenorphine 8mg Tabs7
gbup8007pref,Buprenorphine 8mg Tabs (Prefibin) # (D)7
gbus10100,Buspirone 10mg Tabs* **30
gbus5100,Buspirone 5mg Tabs30
gcalo030,Calcipotriol 50mcg Ointment30g
gcalo060,Calcipotriol 50mcg Ointment60g
gcalo120,Calcipotriol 50mcg Ointment120g
gcalbetcre0005005060,Calcipotriol Betamethasone 50mcg/0.5mg/g Cream60g
gcalbetgel0005005060,Calcipotriol Betamethasone 50mcg/0.5mg/g Gel60g
gcalbetgel0005005120,Calcipotriol Betamethasone 50mcg/0.5mg/g Gel #120g
gcalbetoin0005005060,Calcipotriol Betamethasone Oint 0.005%/0.05% #60g
gcalbetoin0005005120,Calcipotriol Betamethasone Oint 0.005%/0.05% ** #120g
gcalbetoin0005005030,Calcipotriol Betamethasone Ointment 0.005%/0.05%*30g
gcalc2530,Calcitriol 0.25mcg Caps **30
gcalc5030,Calcitriol 0.50mcg Caps **30
gcalvitd28,Calcium & Ergocalciferol (Unlicensed)28
gcalcar1500400056ul,Calcium Carb/Colecal 1500mg/400iu Chew Tabs (UL)56
gcalcar01000400056,Calcium Carbonate/Colecal 1500mg/400iu Chew Tabs #56
gcalfol,Calcium Folinate 15mg Tabs10
gcan016028,Candesartan Cilexetil 16mg Tabs28
gcan002007,Candesartan Cilexetil 2mg Tabs7
gcan032028,Candesartan Cilexetil 32mg Tabs28
gcan004028,Candesartan Cilexetil 4mg Tabs28
gcan004007,Candesartan Cilexetil 4mg Tabs #7
gcan008028,Candesartan Cilexetil 8mg Tabs #28
gcap12.556ddsa,Captopril 12.5mg Tabs56
gcap2556,Captopril 25mg Tabs56
gcaptopriloral025/5,Captopril 25mg/5ml Oral Solution S/F100ml
gcap5056dd,Captopril 50mg Tabs56
gcaptopriloral005/5,Captopril 5mg/5ml Oral Solution S/F100ml
gcar10084,Carbamazepine 100mg Tabs84
gcar10028,Carbamazepine 100mg Tabs #28
gcar10005l,Carbamazepine 100mg/5ml Liquid S/F #300ml
gcar20084,Carbamazepine 200mg Tabs84
gcar40056,Carbamazepine 400mg Tabs56
gcar25cr,Carbidopa/Levodopa 25/100mg CR Tabs60
gcar50cr,Carbidopa/Levodopa 50/200mg CR Tabs(Lecado)**60
gcarb10100,Carbimazole 10mg Tabs100
gcarb15100,Carbimazole 15mg Tabs100
gcarb20100,Carbimazole 20mg Tabs100
gcarb05100,Carbimazole 5mg Tabs100
gcarbs250300syr,Carbocisteine 250mg/5ml Adult Syrup SF300ml
gcarbc375120,Carbocisteine 375mg Caps120
gcarbc750060,Carbocisteine 750mg Caps #60
gcarbs750015,Carbocisteine 750mg/10ml Sachets S/F **15
gcar98010,Carbomer Eye Gel - CE marked Non licensed10g
gcarm0.510,Carmellose Sodium 0.5% Eye Drops10ml
gcarm0590,Carmellose Sodium PF 0.5% 0.4ml Eye Drops90
gcarm0.530,Carmellose Sodium PF 0.5% 0.4ml Eye Drops **30
gcarm1.030,Carmellose Sodium PF 1% 0.4ml Eye Drops30
gcarm1060,Carmellose Sodium PF 1% 0.4ml Eye Drops60
gcarv12.528,Carvedilol 12.5mg Tabs28
gcarv2528,Carvedilol 25mg Tabs28
gcarv3.12528,Carvedilol 3.125mg Tabs28
gcarv6.2528,Carvedilol 6.25mg Tabs #28
gcep125100,Cefalexin 125mg Syrup #100ml
gcep25028,Cefalexin 250mg Caps28
gcep250100,Cefalexin 250mg Syrup100ml
gcep250t28,Cefalexin 250mg Tabs28
gcep50021,Cefalexin 500mg Caps #21
gcep50021t,Cefalexin 500mg Tabs21
gceph25020,Cefradine 250mg Caps20
gceph50020,Cefradine 500mg Caps20
gcele0100060,Celecoxib 100mg Caps60
gcele0200030,Celecoxib 200mg Caps30
gcel400,Celiprolol 400mg Tabs **28
gcet1030,Cetirizine 10mg Tabs30
gcet150ml,Cetirizine 1mg/1ml Solution (5mg/5ml)200ml
gceto500,Cetomacrogol Cream BP (A)500g
gchlhyos500005150,Chloral Hydrate 500mg/5ml Oral Solution Exp 11/25150ml
gchldrp,Chloramphenicol 0.5% Eye Drops (P)10ml
gchldr,Chloramphenicol 0.5% Eye Drops (POM)10ml
gchl4gp,Chloramphenicol 1% Eye Ointment  (P)4g
gchled10,Chloramphenicol 10% EAR Drops10ml
gchldr05,Chloramphenicol 5% Ear Drops10ml
gchl4g,Chloramphenicol Eye Ointment  POM4g
gchl10100,Chlordiazepoxide 10mg Caps*100
gchl5100,Chlordiazepoxide 5mg Caps100
gcgreg,Chlorhexidine Gluconate Mouthwash Aniseed #300ml
gcgmint,Chlorhexidine Gluconate Mouthwash Mint #300ml
gchl41000,Chlorphenamine 2mg/5ml Oral Solution150ml
gchl228,Chlorphenamine 4mg Tabs28
gchl10028,Chlorpromazine 100mg Tabs28
gchl1005150ml,Chlorpromazine 100mg/5ml Syrup150ml
gchlop2528,Chlorpromazine 25mg Tabs28
gchl255150ml,Chlorpromazine 25mg/5ml Syrup150ml
gchl5028,Chlorpromazine 50mg Tabs28
gchlort050030,Chlortalidone 50mg Tabs **30
gcicle160120,Ciclesonide 160mcg Inhaler120d
gcicle080120,Ciclesonide 80mcg Inhaler120d
gcic100,Ciclosporin 100mg Caps30
gcic025,Ciclosporin 25mg Caps **30
gcic050,Ciclosporin 50mg Caps30
gcil10056,Cilostazol 100mg Tabs **56
gcil05056,Cilostazol 50mg Tabs56
gcim40060g,Cimetidine 400mg Tabs60
gcim80030,Cimetidine 800mg Tabs (W)30
gcina00300028,Cinacalcet 30mg Tabs #28
gcina00600028,Cinacalcet 60mg Tabs #28
gcina00900028,Cinacalcet 90mg Tabs28
gcin15250,Cinnarizine 15mg Tabs84
gcip100028,Ciprofibrate 100mg Tabs28
gcip250,Ciprofloxacin 250mg Tabs10
gcip500,Ciprofloxacin 500mg Tabs10
gcip75010,Ciprofloxacin 750mg Tabs **10
gcit1028,Citalopram 10mg Tabs28
gcit10250,Citalopram 10mg Tabs250
gcit2028,Citalopram 20mg Tabs28
gcit20250,Citalopram 20mg Tabs250
gcit4028,Citalopram 40mg Tabs28
gcitd4028,Citalopram Drops 40mg/ml15ml
gcla125100,Clarithromycin 125mg/5ml Susp #70ml
gcla25014,Clarithromycin 250mg Tabs14
gcla250100,Clarithromycin 250mg/5ml Susp  #70ml
gcla50014,Clarithromycin 500mg Tabs14
gcliben010050060,Clindamy+Benzoyl Perox 10mg/50mg Gel60g
gcliben010050030,Clindamy+Benzoyl Peroxide 10mg/50mg Gel30g
gcli15025,Clindamycin 150mg Caps24
gcli150100,Clindamycin 150mg Caps100
gcli300030,Clindamycin 300mg Caps #30
gclob30,Clobazam 10mg Tabs #30
gclobos0101150,Clobazam 1mg/ml Oral Susp150ml
gclobos0101250,Clobazam 1mg/ml Oral Susp250ml
gclobos0201150,Clobazam 2mg/ml Oral Susp150ml
gclobos0201250,Clobazam 2mg/ml Oral Susp250ml
gclob0005005030c,Clobetasol/Neom/Nyst 0.5mg/5mg/100000iu Cream30g
gclob0005005030o,Clobetasol/Neom/Nyst 0.5mg/5mg/100000iu Ointment30g
gclobeo005030,Clobetasone 0.05% Ointment (Clobavate) #30g
gclobeo005100,Clobetasone 0.05% Ointment (Clobavate) #100g
gclo19260,Clomethiazole 192mg Caps  #60
gclom5030,Clomifene 50mg Tabs30
gclo1028,Clomipramine 10mg Caps **28
gclo2528,Clomipramine 25mg Caps28
gclo5028,Clomipramine 50mg Caps28
gclon0.5100,Clonazepam 0.5mg Tab100
gclons0.5150,Clonazepam 0.5mg/5ml Oral Solution S/F*150ml
gclon10100,Clonazepam 1mg Tabs100
gclon2.0100,Clonazepam 2mg Tabs100
gclons2.0150,Clonazepam 2mg/5ml Oral Solution S/F **150ml
gclo25112,Clonidine 25mcg Tabs112
gclonis0050005100,Clonidine 50mcg/5ml s/f Oral Solution100ml
gclop075028,Clopidogrel 75mg Tabs28
gclop075030,Clopidogrel 75mg Tabs30
gclop075100,Clopidogrel 75mg Tabs #100
gclo120,Clotrimazole 1% Cream #20g
gclo500p,Clotrimazole 500mg Pessary1
gclo12050,Clotrimazole Cream50g
gcoa2028,Co-Amilofruse 20/2.5mg Tabs28
gcoa4028,Co-Amilofruse 40/5mg Tabs28
gcoa25028,Co-Amilozide 2.5/25mg Tabs28
gcoa5028,Co-Amilozide 5/50mg Tabs28
gcoamox125s,Co-Amoxiclav 125mg Suspension100ml
gcoamox250,Co-Amoxiclav 250mg Suspension100ml
gcoamox37521,Co-Amoxiclav 375mg Tabs21
gcoamox457070,Co-Amoxiclav 457mg Suspension #70ml
gcoamox62521,Co-Amoxiclav 625mg Tabs21
gcob062100,Co-Beneldopa 62.5mg Caps100
gcocar10100,Co-Careldopa 10/100mg Tabs **100
gcocar12050,Co-Careldopa 12.5/50mg Tabs100
gcoco15500100,Co-Codamol 15/500mg Tabs #100
gcococ032,Co-Codamol 8/500 Caplets32
gcocosol32,Co-Codamol 8/500 EFF (Zentiva)32
gcocosol32fan,Co-Codamol 8/500 Eff Tabs32
gcoco100,Co-Codamol 8/500 Eff Tabs100
gcocod100,Co-Codamol 8/500 Tabs100
gcococc032,Co-Codamol 8/500mg Caps32
gcoco10061,Co-Codamol 8/500mg Caps100
gcocod50,Co-Codamol 8/500mg Tabs32
gcoco30/500c,Co-Codamol High 30/500mg Caps100
gcoco30500ef,Co-Codamol High 30/500mg Eff Tabs #100
gcoco30/50030,Co-Codamol High 30/500mg Tabs #30
gcoco30/499,Co-Codamol High 30/500mg Tabs (oval caplets) #100
gcocyp2mg,Co-Cyprindiol 2mg/35mcg Tabs63
gcodas032,Codasolve 500mg/8mg/30mg Eff Tabs32
gcodlin0200,Codeine Linctus BP #200ml
gcod200sf,Codeine Linctus BP S/F #200ml
gcodpho1528,Codeine Phosphate 15mg Tabs28
gcodph3028,Codeine Phosphate 30mg Tabs28
gcod30500,Codeine Phosphate 30mg Tabs100
gcodpho6028,Codeine Phosphate 60mg Tabs-Blister28
gcody101,Co-Dydramol 10mg/500mg Tabs30
gcody100,Co-Dydramol 10mg/500mg Tabs100
gcol500100,Colchicine 500mcg Tabs100
gcolec01000030,Colecalciferol 1000iu Caps (licensed)30
gcolc1000030tab,Colecalciferol 1000iu Tabs30
gcolec20000010,Colecalciferol 20000iu Caps10
gcolec20000030,Colecalciferol 20000iu Caps30
gcolec00400030,Colecalciferol 400iu Caps (licensed)30
gcolc0800030,Colecalciferol 800iu Caps (Unlicensed)30
gcolc0800030tab,Colecalciferol 800iu Tablets (Unlicenced)30
gcolco800030tab,Colecalciferol 800iu Tabs30
gcolcstr0800030,Colecalciferol D3 800iu Caps (Licensed)30
gcolest06250180,Colesevelam Hydrochloride 625mg Tabs180
gcol50,Colestyramine Light 4g Sachets S/F50
gcot10028,Co-Tenidone 100/25mg Tabs28
gcot5028,Co-Tenidone 50/12.5mg Tabs #28
gcotrim008400,Co-Trimoxazole 80/400mg Tabs28
gcotrim0804000100,Co-Trimoxazole 80mg/400mg Suspension100ml
gcyan1000050,Cyanocobalamin 1000mcg Tabs (Unlicensed)50
gcyan100050,Cyanocobalamin 100mcg Tabs (Unlicensed)50
gcyan050050l,Cyanocobalamin 50mcg Tabs (Licenced) **#50
gcyan050050,Cyanocobalamin 50mcg Tabs (Unlicensed) #50
gcyct050030,Cyclizine Hydrochloride 50mg Tabs30
gcyct050100,Cyclizine Hydrochloride 50mg Tabs100
gcyclac0050005,Cyclizine Lactate 50mg/ml Injection5
gcyclac0050010,Cyclizine Lactate 50mg/ml Injection10
picyc200015,Cyclogest 200mg Pessaries15
picyc400015,Cyclogest 400mg Pessaries15
gcyp004030,Cyproheptadine 4mg Tabs (Periactin)30
gcyp10084,Cyproterone 100mg Tabs84
gcyp56,Cyproterone 50mg Tabs56
gcyt0015100,Cytisine 1.5mg Tabs100
gdab11060,Dabigatran 110mg Caps60
gdab15060,Dabigatran 150mg Caps60
gdapo03003,Dapoxetine 30mg Tabs3
gdapo03006,Dapoxetine 30mg Tabs6
gdapo06003,Dapoxetine 60mg Tabs3
gdapo06006,Dapoxetine 60mg Tabs6
gdap100100,Dapsone 100mg Tabs **28
gdap50100,Dapsone 50mg Tabs28
gdem01500028,Demeclocycline 150mg Caps #28
gdes05030,Desloratidine 5mg Tabs #30
gdes0.1090,Desmopressin 0.1mg Tabs90
gdesm120030,Desmopressin 120mcg  Oral Lyophilisates30
gdesm120030s,Desmopressin 120mcg SF Sublingual Tabs30
gdesm240030,Desmopressin 240mcg Oral Lyophilisates30
gdesm240030s,Desmopressin 240mcg SF Sublingual Tabs30
gdes075084,Desogestrel 75mcg Tabs #84
gdex005028,Dexamethasone 0.5mg Tabs30
gdex2100,Dexamethasone 2mg Tabs100
gdex250,Dexamethasone 2mg Tabs #50
gdex2mg5ml,Dexamethasone 2mg/5ml Solution S/F150ml
gdex3010i,Dexamethasone 3.3mg/1ml Ampoules10
gdex450,Dexamethasone 4mg Tabs50
gdexamfe005030,Dexamfetamine 5mg Tabs#28
gdia01028,Diazepam 10mg Tabs28
gdia00228,Diazepam 2mg Tabs #28
gdia00528,Diazepam 5mg Tabs28
gdic0010100g,Diclofenac 1% Gel100g
gdic10028cr,Diclofenac 100mg Retard Caps (Diclomax) (W)28
gdicsup,Diclofenac 100mg Suppositories10
gdic25ec28,Diclofenac 25mg EC Tabs28
gdic25100,Diclofenac 25mg Tabs84
gdic0030050g,#REF!
gdic5084,Diclofenac 50mg EC Tabs #84
gdic7528cap1,Diclofenac 75mg CR Caps (Diclomax) **56
gdic75dic,Diclofenac 75mg SR Tabs28
gdic0011100g,Diclofenac Diethylamine 1.16% Gel100g
gdic0010030g,Diclofenac Diethylamine 1.16% Gel30g
gdic0010050g,Diclofenac Diethylamine 1.16% Gel50g
gdic0020030g,Diclofenac Diethylamine 2.32% Gel30g
gdic0020100g,Diclofenac Diethylamine 2.32% Gel #100g
gdicy010100,Dicycloverine 10mg Tabs **100
gdicys0100050120,Dicycloverine 10mg/5ml Oral Solution **120ml
gdicy020084,Dicycloverine 20mg Tabs84
gdie002028,Dienogest 2mg Tabs28
gsti128,Diethylstilbestrol 1mg Tabs *28
gdig00005060,Digoxin 0.05mg/ml Oral Solution60ml
gdig125mgmcg28,Digoxin 125mcg Tabs28
gdig250mcg28,Digoxin 250mcg Tabs28/30
gdig0.625ncg,Digoxin 62.5mcg Tabs28
gdih10028,Dihydrocodeine 30mg Tabs28
gdih100,Dihydrocodeine 30mg Tabs100
gdil120xl,Diltiazem 120mg XL Caps28
gdil180zem,Diltiazem 180mg XL Caps#28
gdil360028,Diltiazem 360mg XL Caps #28
gdip025020,Diphenhydramine 25mg Tabs **20
gdip050020,Diphenhydramine 50mg Tabs20
gdip10084,Dipyridamole 100mg Tabs84
gdip200060,Dipyridamole 200mg P/R Caps60
gdip2584,Dipyridamole 25mg Tabs84
gdisu0200050,Disulfiram 200mg Tabs50
gdocua050005300,Docusate Sodium Adult 50mg/5ml Oral Solution300ml
gdocup012005300,Docusate Sodium Paediatric 12.5mg/5ml Solution300ml
gdom1030,Domperidone 10mg Tabs #30
gdom10100,Domperidone 10mg Tabs #100
gdon10028,Donepezil 10mg Tabs28
gdon05028,Donepezil 5mg Tabs28
gdono10028,Donepezil Orodispersible 10mg Tabs28
gdono05028,Donepezil Orodispersible 5mg Tabs **28
gdor02005,Dorzolamide 2% Solution5ml
gdortim02005,Dorzolamide+Timolol 20/5mg Solution  #5ml
gdortim02060,Dorzolamide+Timolol P/F 20/5mg UDV60x0.166ml
gdot2528,Dosulepin (Dothiepin) 25mg Caps28
gdot7528,Dosulepin (Dothiepin) 75mg Tabs28
gdox1,Doxazosin 1mg Tabs #28
gdox2,Doxazosin 2mg Tab28
gdox4,Doxazosin 4mg Tabs28
gdox4xl,Doxazosin 4mg XL Tabs28
gdox8,Doxazosin 8mg Tabs28
gdoxep025mgcap,Doxepin 25mg Caps28
gdoxep050mgcap,Doxepin 50mg Caps28
gdoc10008,Doxycycline Hyclate 100mg Caps8
gdoc10050,Doxycycline Hyclate 100mg Caps50
gdox5028,Doxycycline Hyclate 50mg Caps #28
gdro400020,Dronedarone 400mg Tabs20
gdro400060,Dronedarone 400mg Tabs60
gdulgr120028,Duloxetine 120mg GR Caps28
gdul2028,Duloxetine 20mg Caps28
gdul3028,Duloxetine 30mg Caps28
gdul4056,Duloxetine 40mg Caps #56
gdul6028,Duloxetine 60mg Caps28
gdulgr09028,Duloxetine 90mg GR Caps28
gdutast005030,Dutasteride 0.5mg Caps #30
gele020006,Eletriptan 20mg F/C Tabs6
gele040006,Eletriptan 40mg F/C Tabs6
gemu500g,Emulsifying Ointment500g
gena10,Enalapril 10mg Tabs28
gena2.5,Enalapril 2.5mg Tabs28
gena20,Enalapril 20mg Tabs28
gena5,Enalapril 5mg Tabs28
genahct,Enalapril HCT 20/12.5mg Tabs28
gent0200030,Entacapone 200mg Tabs30
gent0200100,Entacapone 200mg Tabs100
gente0005030,Entecavir 0.5mg Tabs30
geph1528,Ephedrine Hydrochloride 15mg Tabs **28
geph3028,Ephedrine Hydrochloride 30mg Tabs #28
gepl025t028,Eplerenone 25mg Tabs28
gepl050t028,Eplerenone 50mg Tabs28
gepr0300028,Eprosartan 300mg Tabs **28
gepr0400056,Eprosartan 400mg Tabs **56
gepr0600028,Eprosartan 600mg Tabs28
gery125140,Erythromycin 125/5ml Susp.S/F100ml
gery125100,Erythromycin 125mg/5ml Susp **100ml
gery250140,Erythromycin 250/5ml Susp S/F #100ml
gery250428,Erythromycin 250mg EC Tabs28
gery250100,Erythromycin 250mg/5ml Susp. #100ml
gery500100s,Erythromycin 500mg/5ml Susp **100ml
geryt500028,Erythromycin Ethyl Succinate 500mg Tabs #28
gescit1028,Escitalopram 10mg Tabs28
gescit2028,Escitalopram 20mg Tabs28
gescit0528,Escitalopram 5mg Tabs #28
geslt0200060,Eslicarbazepine 200mg Tabs #60
geslt0800030,Eslicarbazepine 800mg Tabs #30
geso010028s,Esomeprazole 10mg Granules Sachet28
geso020028c,Esomeprazole 20mg Caps #28
geso020028,Esomeprazole 20mg Tabs #28
geso040028c,Esomeprazole 40mg Caps #28
geso040028,Esomeprazole 40mg Tabs28
gestravt0010024,Estradiol 10mcg Vaginal Tabs24
getha40056,Ethambutol 400mg Tabs56
gethos0250056,Ethosuximide 250mg Caps56
gethoss025000200,Ethosuximide 250mg/5ml SF Oral Solution200ml
gethoss025000125,Ethosuximide 250mg/5ml SF Oral Solution #125ml
geto60030,Etodolac 600mg XL Tabs #30
getor12028,Etoricoxib 120mg Tabs28
getor03028,Etoricoxib 30mg Tabs28
getor06028,Etoricoxib 60mg Tabs28
getor09028,Etoricoxib 90mg Tabs28
gezetim010mgtab,Ezetimibe 10mg Tabs #28
gfamc12510,Famciclovir 125mg Tabs (D)10
gfamc25021,Famciclovir 250mg Tabs *21
gfamc50014,Famciclovir 500mg Tabs 11/202514
gfam20,Famotidine 20mg Tabs28
gfam2056,Famotidine 20mg Tabs56
gfam40,Famotidine 40mg Tabs28
gfebux01200028,Febuxostat 120mg Tabs #28
gfebux00800028,Febuxostat 80mg Tabs28
gfel1028,Felodipine 10mg XL Tabs28
gfel2528,Felodipine 2.5mg Tabs28
gfel528,Felodipine XL 5mg Tabs28
gfen16028,Fenofibrate 160mg Tabs28
gfen20028,Fenofibrate 200mg Caps #28
gfen26728,Fenofibrate 267mg Caps28
gfen06790,Fenofibrate 67mg Caps90
gfentmat100,Fentanyl Transdermal 100mcg Patch (Victanyl) #5
gfentmat050,Fentanyl Transdermal 50mcg Patch (Victanyl) #5
gfentmat075,Fentanyl Transdermal 75mcg Patch (Victanyl)  #5
gferfumt210084,Ferrous Fumarate 210mg Tabs (Licensed)84
gferfumt210084u,Ferrous Fumarate 210mg Tabs (Unlicenced)84
gferfumt305100u,Ferrous Fumarate 305mg Caps (Unlicensed)100
gferfumt322028l,Ferrous Fumarate 322mg Tabs (Licensed)28
gferfumt322028,Ferrous Fumarate 322mg Tabs (Unlicensed)#28
gfer30028,Ferrous Gluconate 300mg Tabs #28
gfersul20028,Ferrous Sulphate 200mg Tabs28
gfer200100,Ferrous Sulphate 200mg Tabs (Loose)100
gfer2001000,Ferrous Sulphate 200mg Tabs (POTS)1000
gfersul200281,Ferrous Sulphate 200mg Tabs (Unlicensed)28
gfer2001000ul,Ferrous Sulphate 200mg Tabs (Unlicensed) #(POTS)#1000
gfesot004028,Fesoterodine Fumarate 4mg PR Tabs28
gfesot008028,Fesoterodine Fumarate 8mg PR Tabs28
gfex120,Fexofenadine 120mg Tabs30
gfex180,Fexofenadine 180mg Tabs30
gfin01028,Finasteride 1mg Tabs28
gfin0528,Finasteride 5mg Tabs28
gflec100,Flecainide 100mg Tabs60
gflec50,Flecainide 50mg Tabs60
gflu125100,Flucloxacillin 125mg/5ml SC Oral Solution **100ml
gflucsfos125100,Flucloxacillin 125mg/5ml SF Oral Solution100ml
gflu25028,Flucloxacillin 250mg Caps28s
gflucsfos250100,Flucloxacillin 250mg/5ml S/F Oral Solution    #100ml
gflu250028,Flucloxacillin 500mg Caps28
gfluc150,Fluconazole 150mg Caps (P)1
gfluc150pom,Fluconazole 150mg Caps (POM)1
gfluc200,Fluconazole 200mg Caps7
gfluc50,Fluconazole 50mg Caps7
gflud00050030,Fludrocortisone 0.05mg Tabs AMBIENT30
gflud0010030,Fludrocortisone 0.1mg Tabs AMBIENT30
gfludrt020,Fludroxycortide 4mcg/cm2 Tape20cm
gfludrt050,Fludroxycortide 4mcg/cm2 Tape50cm
gflutoo2800075,Fluoride 2800ppm Toothpaste (Sodium Fluoride 0619%75ml
gflutoo500051,Fluoride 5000ppm Toothpaste (Sodium Fluoride 1.1%)51g
gfluo010030,Fluoxetine 10mg Caps30
gfluo010030t,Fluoxetine 10mg Tabs30
gflu2030,Fluoxetine 20mg Caps*30
gflu70ml,Fluoxetine 20mg/5ml  Oral Sol70ml
gfluo030030,Fluoxetine 30mg Caps30
gfluo040030,Fluoxetine 40mg Caps #30
gflu2031,Fluoxetine 60mg Caps30
gflutnas5060,Fluticasone Aqueous Nasal Spray 50mcg (Nasofan) #60d
gflutfur027120,Fluticasone Furoate 27.5mcg Nasal Spray120d
gflut400030,Fluticasone Propionate 400mcg UD Nasal Drops #30
gflut150,Fluticasone Propionate Nasal Spray150d
gflutsal125120,Fluticasone Salmeterol 125/25mcg Inhaler120d
gflutsal250120,Fluticasone Salmeterol 250/25mcg Inhaler120d
gflusalinh500060og,Fluticasone Salmeterol 500/50mcg Inhaler (Stalpe#)60d
gfluv02028,Fluvastatin 20mg Caps **28
gfluv04028,Fluvastatin 40mg Caps **28
gfluv08028,Fluvastatin 80mg XL Tabs28
gfol2.55ml,Folic Acid 2.5mg/5ml Liq S/F150ml
gfol255mlul,Folic Acid 2.5mg/5ml Liq S/F (Unlicenced)150ml
gfol40090,Folic Acid 400mcg Tabs #90
gfol51000,Folic Acid 5mg Tabs - Pots1000
gfol528,Folic Acid 5mg Tabs #28
gfrov0025006,Frovatriptan 2.5mg Tabs6
gfru2028,Furosemide 20mg Tabs28
gfru20/5sus,Furosemide 20mg/5ml Solution  (4mg/ml)150ml
gfru4028,Furosemide 40mg Tabs28
gfru40/5sus,Furosemide 40mg/5ml Solution (8mg/ml)150ml
gfru50028,Furosemide 500mg Tabs28
gfru50/5sus,Furosemide 50mg/5ml Solution (10mg/ml) **150ml
gfuscre15,Fusidic Acid 2% Cream15g
gfuscre30,Fusidic Acid 2% Cream30g
ggab100100,Gabapentin 100mg Caps100
ggab300100,Gabapentin 300mg Caps100
ggab400100,Gabapentin 400mg Caps100
ggabs050001150,Gabapentin 50mg/ml Solution150ml
ggab600100,Gabapentin 600mg Tabs #100
ggab800100,Gabapentin 800mg Tabs #100
ggalx016028,Galantamine 16mg XL Caps #28
ggalx024028,Galantamine 24mg XL Caps #28
ggals004100,Galantamine 4mg/ml Oral Sol100ml
ggalx008028,Galantamine 8mg XL Caps #28
ggem60060,Gemfibrozil 600mg Tabs56
ggenth003010,Gentamicin & Hydrocortisone 0.3/1% Ear Drops10ml
ggentd003010,Gentamicin 0.3% Ear/Eye Drops10ml
ggli16028,Gliclazide 160mg Tabs28
ggli30mr28,Gliclazide 30mg MR Tabs28
ggli30mr56,Gliclazide 30mg MR Tabs56
ggli040028,Gliclazide 40mg Tabs28
ggli60mr28,Gliclazide 60mg MR Tabs28
ggli8028,Gliclazide 80mg Tabs28
ggli8061,Gliclazide 80mg Tabs60
gglim1,Glimepiride 1mg Tabs #30
gglim2,Glimepiride 2mg Tabs30
gglim3,Glimepiride 3mg Tabs30
gglim4,Glimepiride 4mg Tabs30
gglugel040025,Glucose 40% Gel3 x 25g
ggly112c,Glycerol (Glycerin) 1g Supps. Infant12
ggly212c,Glycerol (Glycerin) 2g Supps. Child **12
ggly4supc,Glycerol (Glycerin) 4g Supps. Adult12
ggly500100,Glyceryl Trinitrate (GTN) 500mcg Tab100
gglycop0002001010,Glycopyrronium Bromide 0.2mg/1ml Ampoules10
gglycop0006003010,Glycopyrronium Bromide 0.6mg/3ml Ampoules10
gglycop001030,Glycopyrronium Bromide 1mg Tabs30
gglycops0010150,Glycopyrronium Bromide 1mg/5ml Solution150ml
gglycop002030,Glycopyrronium Bromide 2mg Tabs*30
gglycops0020250,Glycopyrronium Bromide 2mg/5ml S/F Solution250ml
gglycops0020060,Glycopyrronium Bromide 2mg/5ml S/F Solution60ml
gglys12,GTN Spray 400mcg200d
gglys1,GTN Spray 400mcg pump #180d
ghal0200100,Haloperidol (Halkid) 200mcg/ml Oral Solution100ml
ghal0.528,Haloperidol 0.5mg Tabs28
ghal1.5250,Haloperidol 1.5mg Tabs28
ghal1028,Haloperidol 10mg Tabs #28
ghal5100,Haloperidol 5mg Tabs **28
pihalop0050001010,Haloperidol 5mg/1ml Injection (PI)10
ghalop0050001010,Haloperidol 5mg/1ml Injection **10
ghal055100,Haloperidol 5mg/5ml Oral Sol S/F #100ml
ghyd25100,Hydralazine 25mg Tabs56
ghyd50100,Hydralazine 50mg Tabs56
ghydo0515,Hydrocortisone 0.5% Ointment15g
ghydo0530,Hydrocortisone 0.5% Ointment30g
ghydo115,Hydrocortisone 1% Ointment15g
ghydo130,Hydrocortisone 1% Ointment30g
ghydo150,Hydrocortisone 1% Ointment50g
ghydal1030,Hydrocortisone 10mg Tabs30
ghydos1005100,Hydrocortisone 10mg/5ml S/F Oral Sol100ml
ghyd1530,Hydrocortisone 15mg Tabs30
ghyd2515,Hydrocortisone 2.5% Cream #15g
ghydo2515,Hydrocortisone 2.5% Ointment15g
ghydo2530,Hydrocortisone 2.5% Ointment30g
ghyd0230,Hydrocortisone 2.5mg Tabs **30
ghyd2030,Hydrocortisone 20mg Tabs30
ghyd0530,Hydrocortisone 5mg Tabs30
ghydos0505100,Hydrocortisone 5mg/5ml S/F Oral Sol100ml
ghyd05130,Hydrocortisone Cream 0.5% 30g30g
ghydc130,Hydrocortisone Cream 1%30g
ghyd1c50,Hydrocortisone Cream 1%50g
ghyd115otc,Hydrocortisone Cream 1% (P)15g
ghyd1c15,Hydrocortisone Cream 1% (POM)15g
ghyddo,Hydroxocobalamin Inj 1ml5x1ml
ghydrox500100,Hydroxycarbamide 500mg Caps100
ghydr200060,Hydroxychloroquine 200mg Tabs60
ghydroxyz010084,Hydroxyzine 10mg Tabs84
ghydroxyz025028,Hydroxyzine 25mg Tabs28
ghyoi0400010,Hyoscine 400mcg/ml Injection #10
ghyoi0600010,Hyoscine 600mcg/ml Injection10
ghyobu010056t,Hyoscine Butylbromide 10mg Tabs56
ghyobu010100t,Hyoscine Butylbromide 10mg Tabs100
ghyobu020056t,Hyoscine Butylbromide 20mg Tabs56
ghyobu020100t,Hyoscine Butylbromide 20mg Tabs100
ghyobu020010a,Hyoscine Butylbromide 20mg/ml Ampoule10
ghyped,Hypromellose 0.3% Eye Drops #10ml
ghyp030pfed,Hypromellose 0.3% PF Eye Drops **10ml
ghypud000032030,Hypromellose 0.32% Unit Dose Eye Drops30x0.5ml
ghyped00005010,Hypromellose 0.5% Eye Drops10ml
giba150001,Ibandronate 150mg Tabs #1
giba050028,Ibandronate 50mg Tabs (Ibandronic Acid)28
gibuliq1,Ibuprofen 100mg/5ml Suspension500ml
gibu20024,Ibuprofen 200mg Tabs24
gibu20084,Ibuprofen 200mg Tabs #84
gibu20016,Ibuprofen 200mg Tabs (OTC)16
gibu20048,Ibuprofen 200mg Tabs (OTC)48
gibusc400100,Ibuprofen 400mg Soft Caps100
gibu40048,Ibuprofen 400mg Tabs48
gibu399,Ibuprofen 400mg Tabs84
gibu40024,Ibuprofen 400mg Tabs (OTC)24
gibu60084,Ibuprofen 600mg Tabs  #84
gibugel10%,Ibuprofen Gel 10%100g
gibugel51,Ibuprofen Gel 10% (Phorpain)30g
gibugel53,Ibuprofen Gel 10% (Phorpain)50g
gibugel49,Ibuprofen Gel 5%50g
gibugel,Ibuprofen Gel 5%100g
gibugel50,Ibuprofen Gel 5% (Phorpain)30g
gibuliq0150,Ibuprofen Junior Suspension S/F 150ml (P)150ml
gibuliq,Ibuprofen Suspension S/F 100mg/ml100ml
gimi101000,Imipramine 10mg Tabs #28
gimi2528,Imipramine 25mg Tabs #28
gimiqtc0050250,Imiquimod 5% Cream 250mg Sachets #12
gind01.530sr,Indapamide 1.5mg SR Tabs30
gind02.3,Indapamide 2.5mg Tabs28
gind02.556,Indapamide 2.5mg Tabs56
gind2528,Indometacin 25mg Caps28
gind5028,Indometacin 50mg Caps #28
gind2060,Indoramin 20mg Tabs60
giprcfcinh020200,Ipratropium 20mcg Inhaler (Inhalvent)200d
gipr021ns,Ipratropium Brom 21mcg/dose Nasal Spray #240d
gipr5002,Ipratropium Brom Sol.500mcg **  #20x2ml
gipste5,Ipratropium Steri-Neb 500mcg/2ml #  06/202520
gipr0sal,Ipratropium/Salbutamol 500mcg/2.5ml (Ipramol) #60
girb015028,Irbesartan 150mg Tabs28
girb030028,Irbesartan 300mg Tabs #28
girb007528,Irbesartan 75mg Tabs28
girbh300012028,Irbesartan HCTZ 300mg/12.5mgTabs28
girbh300025028,Irbesartan HCTZ 300mg/25mg Tabs **28
girbh150012028,Irbesartan/HCTZ 150mg/12.5mg Tabs28
gisodn1056,Iso Dinitrate 10mg Tabs56
gisodn2056,Iso Dinitrate 20mg Tabs56
gison0100028,Isoniazid 100mg Tabs28
gisom1056,Isosorbide Mono 10mg Tabs #56
gisom2056,Isosorbide Mono 20mg Tabs #56
giso25xlc,Isosorbide Mono 25mg LA Caps28
gisom3056,Isosorbide Mono 30mg Tabs56
giso40xl,Isosorbide Mono 40 XL Tabs #28
gisom4056,#REF!
giso50xlcc,Isosorbide Mono 50mg LA Caps28
gisom60sr,Isosorbide Mono 60mg MR Tabs28
gisot010030,Isotretinoin 10mg Caps30
gisot020030,Isotretinoin 20mg Caps30
gisot020056,Isotretinoin 20mg Caps #56
gisot005056,Isotretinoin 5mg Caps56
gisp30,Ispaghula Husk Orange30
gitra10015,Itraconazole 100mg Caps15
gitra10028,Itraconazole 100mg Caps  #28
gitra10060,Itraconazole 100mg capsules #60
gitraso0100150,Itraconazole 10mg/ml Oral Sol #150ml
givabr002056,Ivabradine 2.5mg Tabs56
givabr005056,Ivabradine 5mg Tabs56
givabr007056,Ivabradine 7.5mg Tabs56
give003004,Ivermectin 3mg Tabs #4
gket120ml,Ketoconazole 2% Shampoo #120ml
gketgel50,Ketoprofen 2.5% Gel50g
gketgel,Ketoprofen 2.5% Gel100g
gketoreyedr5ml,Ketorolac Trometamol 0.5% Eye Drops5ml
glab100100,Labetalol 100mg Tabs56
glab200100,Labetalol 200mg Tabs56
glac0228,Lacidipine 2mg Tabs28
glac0428,Lacidipine 4mg Tabs28
glacos0100014,Lacosamide 100mg Tabs14
glacos0100056,Lacosamide 100mg Tabs56
glacoss00100200,Lacosamide 10mg/ml Syrup200ml
glacos0150014,Lacosamide 150mg Tabs14
glacos0150056,Lacosamide 150mg Tabs56
glacos0200056,Lacosamide 200mg Tabs56
glacos0050014,Lacosamide 50mg Tabs14
glac300,Lactulose Solution 300ml300ml
glac500,Lactulose Solution 500ml500ml
glamd10056,Lamotrigine 100mg Dispersible56
glam10056,Lamotrigine 100mg Tabs56
glam20056,Lamotrigine 200mg Tabs56
glamd02556,Lamotrigine 25mg Dispersible56
glam02556,Lamotrigine 25mg Tabs56
glam05056,Lamotrigine 50mg Tabs56
glamd00528,Lamotrigine 5mg Dispersible28
glan15,Lansoprazole 15mg Caps28
glano015028,Lansoprazole 15mg Orodispersible Tabs28
glan30,Lansoprazole 30mg Caps28
glano030028,Lansoprazole 30mg Orodispersible Tabs28
glan002,Latanoprost Eye Drops #2.5ml
glan005t,Latanoprost/Timolol Eye Drops2.5ml
glax020,Laxido Orange Powder Sachets S/F20
glax030,Laxido S/F Sachets  (P)30
glef010030,Leflunomide 10mg Tabs30
glef020030,Leflunomide 20mg Tabs30
glerc010028,Lercanidipine 10mg Tabs #28
glerc020028,Lercanidipine 20mg Tabs #28
glet002.5014,Letrozole 2.5mg Tabs14
glet002.5028,Letrozole 2.5mg Tabs #28
glev063,Levest Tabs (Levonorgestral/Ethinylestradiol) (D)63
gleveg1000060,Levetiracetam 1000mg Granules60
gleve1000060,Levetiracetam 1000mg Tabs60
gleves100300,Levetiracetam 100mg/ml Solution300ml
gleveg1500060,Levetiracetam 1500mg Granules60
gleveg0250060,Levetiracetam 250mg Granules60
gleve0250060,Levetiracetam 250mg Tabs #60
gleveg0500060,Levetiracetam 500mg Granules60
gleve0500060,Levetiracetam 500mg Tabs #60
gleveg0750060,Levetiracetam 750mg Granules60
gleve0750060,Levetiracetam 750mg Tabs #60
glevoc001005020,Levocarnitine (30%) 1.5mg/5ml S/F Paediatric Sol20ml
pilevoc030040,Levocarnitine 30% Oral Solution (PI)40ml
glevoc0530,Levocetirizine 5mg Tabs #30
glevof500005,Levofloxacin 500mg Tabs #5
glevof500010,Levofloxacin 500mg Tabs #10
glevomet025084,Levomepromazine 25mg Tabs84
glevomet006028,Levomepromazine 6mg Tabs28
glevon0150001p,Levonorgestrel 1.5mg Tabs (P)1
glevon0150001,Levonorgestrel 1.5mg Tabs (POM)1
gthy10028,Levothyroxine 100mcg Tabs28
gthy1001000,Levothyroxine 100mcg Tabs1000
glevo100100,Levothyroxine 100mcg/5ml Solution100ml
gthy12.528,Levothyroxine 12.5mcg Tabs28
gthy2528,Levothyroxine 25mcg Tabs28
gthy25500,Levothyroxine 25mcg Tabs (POTS)500
glevo025100,Levothyroxine 25mcg/5ml Solution100ml
gthy5028,Levothyroxine 50mcg Tabs28
gthy501000,Levothyroxine 50mcg Tabs **1000
glevo050100,Levothyroxine 50mcg/5ml Solution100ml
gthy7528,Levothyroxine 75mcg Tabs28
glevo075100,Levothyroxine 75mcg/5ml Solution **100ml
glid102,Lidocaine 1% Injection 2ml10
glid515,Lidocaine 5% ointment #15g
glioth010028c,Liothyronine Sodium 10mcg Caps28
glioth010028,Liothyronine Sodium 10mcg Tabs28
glioth020028c,Liothyronine Sodium 20mcg Caps28
glioth020028,Liothyronine Sodium 20mcg Tabs28
glioth005028c,Liothyronine Sodium 5mcg Caps28
glioth005028,Liothyronine Sodium 5mcg Tabs **28
glis1028t,Lisinopril 10mg Tabs28
glis010500,Lisinopril 10mg Tabs500
glis2.528,Lisinopril 2.5mg Tabs28
glis002500,Lisinopril 2.5mg Tabs500
glis020500,Lisinopril 20mg Tabs500
glis1028,Lisinopril 20mg Tabs #28
glis005500,Lisinopril 5mg Tabs500
glis528,Lisinopril 5mg Tabs #28
glis10/12.5,Lisinopril HCTZ 10/12.5mg Tabs28
glis20/12.5,Lisinopril HCTZ 20/12.5mg Tabs28
glith0250100,Lithium Carbonate 250mg Tabs100
glof7056,Lofepramine 70mg Tabs #56
glop230,Loperamide 2mg Caps30
glop210,Loperamide 2mg Caps #10
glopod002012,Loperamide 2mg Oro-Dispersible Tabs #12
glop212t,Loperamide 2mg Tabs12
glop230t,Loperamide 2mg Tabs #30
glor1030,Loratadine 10mg Tabs30
glor100551,Loratadine Syrup 5mg/5ml100ml
glora0002028,Lorazepam 0.25mg Tabs28
glop0005028,Lorazepam 0.5mg Tabs28
glor128,Lorazepam 1mg Tabs28
glor128g,Lorazepam 1mg Tabs (Genus)28
glor1150,Lorazepam 1mg/ml Oral Solution150ml
glor1.5100s,Lorazepam 2.5mg Tabs28
glor1.5100,Lorazepam 2.5mg Tabs (Genus)28
glor2.5030g,Lormetazepam 1mg Tabs (Genus) **30
glos100028,Losartan 100mg Tabs28
glos100100,Losartan 100mg Tabs (POTS)100
glos012028,Losartan 12.5mg Tabs28
glos025028,Losartan 25mg Tabs28
glos050028,Losartan 50mg Tabs28
glos050100,Losartan 50mg Tabs (POTS)100
glos050500,Losartan 50mg Tabs (POTS) #500
glosh100012028,Losartan Hctz 12.5mg/100mg Tabs28
glosh050012028,Losartan Hctz 12.5mg/50mg Tabs **28
glosh100025028,Losartan Hctz 25mg/100mg Tabs28
glym0408028,Lymecycline 408mg Caps28
glym0408056,Lymecycline 408mg Caps56
gmac030,Macrogol Powder Sachets (Strigol)#30
gmaco030,Macrogol Powder Sachets Orange (Strigol) #30
gmeb135100,Mebeverine 135mg Tabs100
gmebsusp,Mebeverine Oral Susp  S/F 50mg/5ml300ml
gmef250100,Mefenamic Acid 250mg Caps100
gmef250028,Mefenamic Acid 250mg Tabs #28
gmef50028,Mefenamic Acid 500mg Tabs #28
gmelatos001150,Melatonin 1mg/ml Oral Solution150ml
gmelatos005060,Melatonin 1mg/ml Oral Solution60ml
gmelatos001100,Melatonin 1mg/ml S/F Oral Solution100ml
gmelatc002030,Melatonin 2mg Caps30
gmelatpr002030,Melatonin 2mg PR Tabs30
gmelatc003030,Melatonin 3mg Caps30
gmelatt003030,Melatonin 3mg Tabs30
gmelatc005030,Melatonin 5mg Caps30
gmelatt005030,#REF!
gmel1530,Meloxicam 15mg Tabs30
gmel0730,Meloxicam 7.5mg Tabs30
gmemt010028,Memantine 10mg Tabs28
gmems010050,Memantine 10mg/ml (5mg/0.5ml) Solution50ml
gmems010100,Memantine 10mg/ml (5mg/0.5ml) Solution  #100ml
gmemt020028,Memantine 20mg Tabs #28
gmemtinit,Memantine Initiation Pack28
gmerc050025,Mercaptopurine 50mg Tabs25
gmes40090oct,Mesalazine MR 400mg EC Tabs (Octasa)  #90
gmes800090,Mesalazine MR 800mg Tabs (Octasa)#90
gmet1000028,Metformin 1000mg Tabs28/30
gmet500030ps,Metformin 500mg SF Powder Sachets #30
gmet500028,Metformin 500mg Tabs28
gmet500084,Metformin 500mg Tabs84
gmet500501,Metformin 500mg Tabs (POTS)500
gmet500liq2,Metformin 500mg/5ml S/F Sol (Fridge)150ml
gmet500liqsf,Metformin 500mg/5ml SF Sol150ml
gmet500liq,Metformin 500mg/5ml SF Sol100ml
gmet500liqsf300,Metformin 500mg/5ml SF Sol300ml
gmet85056,Metformin 850mg Tabs56
gmet850300,Metformin 850mg Tabs (POTS)#300
gmet500sr057,Metformin SR 1000mg Tabs28
gmet500sr058,Metformin SR 1000mg Tabs56
gmet500sr028,Metformin SR 500mg Tabs28
gmet500sr056,Metformin SR 500mg Tabs56
gmet750sr028,Metformin SR 750mg Tabs28
gmet750sr056,Metformin SR 750mg Tabs56
gmethm11500sfr,Methadone 1mg/ml S/F Solution (Rosemont) (CD)500ml
gmethm11500sfm,Methadone 1mg/ml S/F Solution Martindale (CD)500ml
gmethm11500m,Methadone 1mg/ml Solution Martindale (CD)500ml
gmethm005050,Methadone 5mg Tabs #50
gmethm11500sf,Methadone Mix 1mg/ml S/F Sol 500ml T&R (CD)500ml
gmethm12500sf,Methadone Mix 1mg/ml S/F Solution Martindale (CD)2500ml
gmethm11500,Methadone Mix 1mg/ml Solution 500ml T&R (CD)500ml
gmethm12500,Methadone Mix 1mg/ml Solution Martindale (CD)2500ml
gmethent001060,Methenamine 1g Tabs60
gmetho1500t096,Methocarbamol 1500mg Tabs96
gmetho0750t100,Methocarbamol 750mg Tabs100
gmeth10100,Methotrexate 10mg Tabs100
gmeth024,Methotrexate 2.5mg Tabs24
gmeth100,Methotrexate 2.5mg Tabs100
gmeth125250,Methyldopa 125mg Tabs 5656
gmeth25056,Methyldopa 250mg Tabs60
gmeth50030,Methyldopa 500mg Tabs30
gmeth50056,Methyldopa 500mg Tabs  #56
gmeth1030,Methylphenidate 10mg Tabs30
gmeth2030,Methylphenidate 20mg Tabs30
gmethyl002150os,Methylphenidate 2mg/ml Oral Sol S/F150ml
gmeth530,Methylphenidate 5mg Tabs #30
gmet10428,Metoclopramide 10mg Tabs28
gmet102005,Metoclopramide 10mg/2ml Inj5
gmeto005028,Metoclopramide 5mg Tabs28
gmet10028,Metoprolol 100mg Tabs **28
gmet5028,Metoprolol 50mg Tabs28
gmet025028,Metoprolol Tartrate 25mg Tabs28
gmetgel,Metronidazole 0.75% Gel30g
gmetros075040,Metronidazole 0.75% Gel40g
gmet20021,Metronidazole 200mg Tabs #21
gmet20005l,Metronidazole 200mg/5ml Suspension  #100ml
gmet40021,Metronidazole 400mg Tabs21
gmet0500021,Metronidazole 500mg Tabs21
gmet0500020,Metronidazole 500mg Tabs20
gmex200100,Mexiletine 200mg Caps (w)100
gmida010002004,Midazolam 10mg/2ml Oral Syringe4
gmida002000504,Midazolam 2.5mg/0.5ml Oral Syringe 06/20254
gmidai002005010,Midazolam 2mg/ml (10mg/5ml) Amps (W)10 x 5ml
gmida005001004,Midazolam 5mg/1ml Oral Syringe4
gmidai005002010,Midazolam 5mg/ml (10mg/2ml) Amps10 x 2ml
gmida007001004,Midazolam 7.5mg/1.5ml Oral Syringe4
gmidai001005010,MIDAZOLAM SOL FOR INJ 5MG/5ML10
gmidod0020100,Midodrine 2.5mg Tabs **100
gmidod0050100,Midodrine 5mg Tabs100
gmin100mr,Minocycline 100mg MR Caps #56
gmin5084,Minocycline 50mg Tabs  #28
gmino010060,Minoxidil 10mg Tabs60
gmino002060,Minoxidil 2.5mg Tabs60
gmino005060,Minoxidil 5mg Tabs60
gmirt15or,Mirtazapine 15mg Orodispersible Tabs #30
gmir15,Mirtazapine 15mg Tabs28
gmirt30or,Mirtazapine 30mg Orodispersible Tabs #30
gmir1,Mirtazapine 30mg Tabs28
gmirt45or,Mirtazapine 45mg Orodispersible Tabs30
gmir45,Mirtazapine 45mg Tabs #28
gmoc15030,Moclobemide 150mg Tabs **30
gmoc30030,Moclobemide 300mg Tabs #30
gmod10030,Modafinil 100mg Tabs #30
gmod20030,Modafinil 200mg Tabs #30
gmoms0500140,Mometasone 50mcg Nasal Spray140d
gmomc030,Mometasone Cream30g
gmomc100,Mometasone Cream #100g
gmomo030,Mometasone Ointment30g
gmomo100,Mometasone Ointment#100g
gmont010028,Montelukast 10mg Tabs28
gmont004028,Montelukast Chewable 4mg Tabs28
gmont005028,Montelukast Chewable 5mg Tabs28
gmont004028g,Montelukast Granules 4mg Sachets28
gmoro100,Morphine 10mg/5ml Oral Solution (CD)100ml
gmoro500,Morphine 10mg/5ml Oral Solution (CD)500ml
gmoro300,Morphine 10mg/5ml Oral Solution (CD) #300ml
gmori010,Morphine Sulphate 10mg/ml Injection (CD)10
gmori015,Morphine Sulphate 15mg/ml Injection (CD)10
gmori020,Morphine Sulphate 20mg/ml Injection (CD)10
gmori030,Morphine Sulphate 30mg/ml Injection (CD) #10
gmoxi005005,Moxifloxacin 0.5% Eye Drops5ml
gmoxi040005,Moxifloxacin 400mg Tabs5
gmox200,Moxonidine 200mcg Tabs28
gmox300,Moxonidine 300mcg Tabs28
gmox400,Moxonidine 400mcg Tabs28
gmupo015,Mupirocin Ointment15g
gmycoc250100,Mycophenolate Mofetil 250mg Caps100
gmycot500050,Mycophenolate Mofetil 500mg Tabs50
gnab5056,Nabumetone 500mg Tabs56
gnacledu005020,NACL 5% Eye Drops Unit Dose0.45ml X 20
gnaft10084,Naftidrofuryl Oxalate 100mg Caps  #84
gnalo400001010,Naloxone 400mcg/1ml Amps10
gnal050028,Naltrexone 50mg Tabs28
gnap25056ec,Naproxen 250mg EC Tabs  #56
gnap250opd,Naproxen 250mg Tabs28
gnap500ec,Naproxen 500mg EC Tabs #56
gnap500opd,Naproxen 500mg Tabs28
gnaporal50mgml,Naproxen 50mg/ml Oral Susp100ml
gnar002012,Naratriptan 2.5mg Tabs12
gnar002006,Naratriptan 2.5mg Tabs  #6
gneb0128,Nebivolol 1.25mg Tabs *28
gneb1028,Nebivolol 10mg Tabs28
gneb0528,Nebivolol 5mg Tabs28
gnefo030090,Nefopam 30mg Tabs #90
gnefo060060,Nefopam 60mg Tabs60
gnic1028,Nicorandil 10mg Tabs60
gnic2028,Nicorandil 20mg Tabs #60
gnif10mrpr,Nifedipine 10mg MR Tabs (Nifedipress)56
gnif1056mr,Nifedipine 10mg MR Tabs (Tensipine)56
gnif2056,Nifedipine 20mg MR Tabs56
gnif30xl1,Nifedipine 30mg XL Tabs28
gnif584,Nifedipine 5mg Caps90
gnif60xl,Nifedipine 60mg XL Tabs28
gnit51000,Nitrazepam 5mg Tabs28
gnit100014c,Nitrofurantoin 100mg PR Caps14
gnit100028,Nitrofurantoin 100mg Tabs28
gnit100100,Nitrofurantoin 100mg Tabs100
gnits00250050300,Nitrofurantoin 25mg/5ml Suspension300ml
gnit050030c,Nitrofurantoin 50mg Caps30
gnit50028,Nitrofurantoin 50mg Tabs28
gniz15030,Nizatidine 150mg Caps30
gniz30030,Nizatidine 300mg Caps #30
gnor530,Norethisterone 5mg Tabs30
gnorc0100100,Nortriptyline 10mg Caps #100
gnort0100100,Nortriptyline 10mg Tabs100
gnorc0250100,Nortriptyline 25mg Caps #100
gnort0250100,Nortriptyline 25mg Tabs100
gnort0500030,Nortriptyline 50mg Tabs30
gnys30ml,Nystatin Oral Suspension30ml
goct100001005,Octreotide 100mcg/1ml PF Syringes (W)5
goct050001005,Octreotide 50mcg/1ml PF Syringes5
gofl20010,Ofloxacin 200mg Tabs10
gofl4005,Ofloxacin 400mg Tabs5
golao10028,Olanzapine 10mg Oro-Dispersible Tabs  #28
gola1028,Olanzapine 10mg Tabs28
golao15028,Olanzapine 15mg Oro-Dispersible Tabs28
gola1528,Olanzapine 15mg Tabs28
gola0228,Olanzapine 2.5mg Tabs28
golao20028,Olanzapine 20mg Oro-Dispersible Tabs28
gola2028,Olanzapine 20mg Tabs28
golao05028,Olanzapine 5mg Oro-Dispersible Tabs28
gola0528,Olanzapine 5mg Tabs28
gola07281,Olanzapine 7.5mg Tabs28
gola0728,Olanzapine 7.5mg Tabs56
golm10,Olmesartan 10mg Tabs28
golm20,Olmesartan 20mg Tabs #28
golm40,Olmesartan 40mg Tabs28
golmhyd020012028,Olmesartan HCTZ 20mg/12.5mg Tabs28
golmhyd020025028,Olmesartan HCTZ 20mg/25mg Tabs28
golmhyd040012028,Olmesartan HCTZ 40mg/12.5mg Tabs **28
golop001005,Olopatadine 1mg/ml Eye Drops Solution5ml
gomeg1000028l,Omega 3 1000mg Caps (Licenced) **28
gome1028,Omeprazole 10mg Caps28
gome10250,Omeprazole 10mg Caps (POTS)(D)250
gome1028t,Omeprazole 10mg TABS28
gome2028bb,Omeprazole 20mg Caps28
gome20250,Omeprazole 20mg Caps (POTS)250
gome2028t,Omeprazole 20mg TABS28
gome407,Omeprazole 40mg Caps7
gome4028,Omeprazole 40mg Caps28
gome407t,Omeprazole 40mg TABS7
gomeo010028,Omeprazole Dispersible 10mg Tabs28
gomeo020028,Omeprazole Dispersible 20mg Tabs28
gomeo040007,Omeprazole Dispersible 40mg Tabs7
gondd410,Ondansetron 4mg Dispersible Tabs #10
gond430,Ondansetron 4mg Tabs  #30
gonds450,Ondansetron 4mg/5ml Syrup50ml
gondd810,Ondansetron 8mg Dispersible Tabs ** #10
gond830,Ondansetron 8mg Tabs #10
gorl120084,Orlistat 120mg Caps84
goseltahc075010,#REF!
goxa10500,Oxazepam 10mg Tabs28
goxa15100w,Oxazepam 15mg Tabs28
goxc15050,Oxcarbazepine 150mg Tabs *50
goxc30050,Oxcarbazepine 300mg Tabs50
goxc60050,Oxcarbazepine 600mg Tabs50
goxybut2.5,Oxybutynin 2.5mg Tabs84
goxybut2.556,Oxybutynin 2.5mg Tabs #56
goxy556,Oxybutynin 5mg Tabs #56
goxy5100,Oxybutynin 5mg Tabs #84
goxybute2.5150sol,Oxybutynin Sol 2.5mg/5ml S/F150ml
goxybute5.0150,Oxybutynin Sol 5mg/5ml S/F **150ml
goxybuxl010028,Oxybutynin XL 10mg PR Tabs28
goxybuxl005028,Oxybutynin XL 5mg PR Tabs28
goxyci010001005,Oxycodone 10mg/ml (10mg/1ml) Injection5x1ml
goxyci010002005,Oxycodone 10mg/ml (20mg/2ml) Injection5x2ml
goxyci050001005,Oxycodone 50mg/ml Injection5x1ml
goxyct010056,Oxycodone PR 10mg Tabs (CD) **56
goxyct015056,Oxycodone PR 15mg Tabs (CD)56
goxyct020056,Oxycodone PR 20mg Tabs (CD) **56
goxyct030056,Oxycodone PR 30mg Tabs (CD)56
goxyct040056,Oxycodone PR 40mg Tabs (CD)56
goxyct005028,Oxycodone PR 5mg Tabs (CD) **28
goxyct060056,Oxycodone PR 60mg Tabs (CD)56
goxycs010120,Oxycodone Solution 10mg/ml S/F (CD) High Strength120ml
goxycs010250,Oxycodone Solution 5mg/5ml S/F (CD) #250ml
goxy25028,Oxytetracycline 250mg Tabs #28
gpant020028,Pantoprazole 20mg Tabs28
gpant040028,Pantoprazole 40mg Tabs28
gparsup120,Paracetamol 120mg Suppositories10
gparsusp125200,Paracetamol 120mg/5ml S/F Suspension    #200ml
gparsusp125100,Paracetamol 120mg/5ml S/F Suspension (P)100ml
gparsusp120100,Paracetamol 120mg/5ml SC Susp (Rose) #100ml
gparsup125,Paracetamol 125mg Suppositories  #10
gparsup240,Paracetamol 240mg Suppositories10
gparsup250,Paracetamol 250mg Suppositories10
gparsus250500mlsf,Paracetamol 250mg/5ml S/F Suspension   #500ml
gparsus250100sf,Paracetamol 250mg/5ml S/F Suspension #100ml
gparsusp250200,Paracetamol 250mg/5ml S/F Suspension #200ml
gparsus250100,Paracetamol 250mg/5ml Suspension100ml
gparsus250500ml,Paracetamol 250mg/5ml Suspension500ml
gpara50016c,Paracetamol 500mg Caplets16
gpar100s,Paracetamol 500mg Caplets100
gpar50,Paracetamol 500mg Caplets #32
gpar100spots,Paracetamol 500mg Caplets (POTS)100
gpara5001000,Paracetamol 500mg Caplets (POTS)1000
gpara50016,Paracetamol 500mg Caps16
gpareff500060,Paracetamol 500mg EFF Tabs60
gpar100,Paracetamol 500mg Tabs100
gparcap32,Paracetamol 500mg Tabs #32
gparsus500150ml,Paracetamol 500mg/5ml S/F Suspension (Rose)**150ml
gparcap,Paracetamol Caps32
gparcap100,Paracetamol Caps100
gparsol101,Paracetamol Eff Tabs #100
gparsol60,Paracetamol Sol Tabs60
gparsol24,Paracetamol Sol Tabs #24
gparsol100,Paracetamol Sol Tabs #100
gparsol24w,Paracetamol Sol Tabs (GSL) (Zentiva)24
gparasolv024,Parasolve 500mg EFF Tabs24
gpar1028,Paroxetine 10mg Tabs28
gpar2030,Paroxetine 20mg Tabs30
gpar303,Paroxetine 30mg Tabs30
gpar403,Paroxetine 40mg Tabs #30
gpen125100,Penicillamine 125mg Tabs56
gpen250100,Penicillamine 250mg Tabs56
gpen125100s,Penicillin 125/5ml Syrup100ml
gpen125100ssf,Penicillin 125/5ml Syrup S/F100ml
gpen250100s,Penicillin 250/5ml Syrup100ml
gpen250100ssf,Penicillin 250/5ml Syrup S/F100ml
gpen25028,Penicillin VK 250mg Tabs28
gpent2528,Pentazocine 25mg Tabs 28s (D)28
gpent5028,Pentazocine 50mg Caps28
gpep0284l,Peppermint Oil Caps #84
gpep0284,Peppermint Oil Caps (Unlicenced)84
gpepw100,Peppermint Water Oral Solution100ml
gpep500,Peptac 500ml Original (LTD)500ml
gpep500p,Peptac 500ml Peppermint (LTD)500ml
gperic10.0084,Pericyazine 10mg Tabs84
gperic02.5084,Pericyazine 2.5mg Tabs84
gper230,Perindopril 2mg Tabs #30
gper430,Perindopril 4mg Tabs #30
gper830,Perindopril 8mg Tabs30
gperm530g,Permethrin 5% Cream30g
gphe1528,Phenobarbital 15mg Tabs28
gphee015005500,Phenobarbital 15mg/5ml Elixir500ml
gphe3028,Phenobarbital 30mg Tabs28
gphe6028,Phenobarbital 60mg Tabs28
gphenc100084,Phenytoin 100mg Caps84/100
gphenc100084f,Phenytoin 100mg Caps - Flynn **84
gphe10028,Phenytoin 100mg Tabs - Blister28
gphenc025028f,Phenytoin 25mg Caps - Flynn28
gphenc300028f,Phenytoin 300mg Caps - Flynn28
gphenc050028f,Phenytoin 50mg Caps - Flynn28
gpil1,Pilocarpine 1% Eye Drops10ml
gpil2,Pilocarpine 2% Eye Drops10ml
gpil4,Pilocarpine 4% Eye Drops10ml
gpil5084,Pilocarpine 5mg Tabs **#84
gpio015028,Pioglitazone 15mg Tabs #28
gpio030028,Pioglitazone 30mg Tabs28
gpio045028,Pioglitazone 45mg Tabs #28
gpiometf015850056,Pioglitazone/Metformin 15mg/850mg Tabs56
gpir1060,Piroxicam 10mg Caps56
gpir2028,Piroxicam 20mg Caps28
gpirgel112g,Piroxicam Gel 0.5%112g
gpirgel60g,Piroxicam Gel 0.5% #60g
gpivm02000010,Pivmecillinam 200mg Tabs **10
gpiz1.528,Pizotifen 1.5mg Tabs28
gpiz50028,Pizotifen 500mcg Tabs28
gpotper400030,Potassium Permanganate 400mg Tab30
gpram0.088030,Pramipexole 0.088mg Tabs #30
gpram0.180030,Pramipexole 0.18mg Tabs #30
gpram0.350030,Pramipexole 0.35mg Tabs30
gpram0.700030,Pramipexole 0.7mg Tabs30
gprampr00.26030,Pramipexole PR 0.26mg Tabs30
gprampr00.52030,Pramipexole PR 0.52mg Tabs30
gprampr01.05030,Pramipexole PR 1.05mg Tabs30
gprampr01.57030,Pramipexole PR 1.57mg Tabs30
gprampr02.10030,Pramipexole PR 2.10mg Tabs30
gprampr02.62030,Pramipexole PR 2.62mg Tabs30
gprampr03.15030,Pramipexole PR 3.15mg Tabs30
gprasu010028,Prasugrel 10mg Tabs28
gprasu005028,Prasugrel 5mg Tabs **28
gprav1028,Pravastatin 10mg Tabs28
gprav2028,Pravastatin 20mg Tabs28
gprav4028,Pravastatin 40mg Tabs28
gpred10030,Prednisolone 10mg/ml Solution S/F30ml
gpre1mg100,Prednisolone 1mg G/R Tabs100
gpre1mg28,Prednisolone 1mg Tabs PP #28
gpre2.5100,Prednisolone 2.5mg EC Tabs28
gpredrf020014,Prednisolone 20mg Rectal Foam14 dose
gpred25mg,Prednisolone 25mg Tabs #56
gpre5ec100,Prednisolone 5mg EC Tabs28
gpre530,Prednisolone 5mg Soluble Tabs30
gpre528,Prednisolone 5mg Tabs28
gpreg100084,Pregabalin 100mg Caps84
gpregtabs100084,Pregabalin 100mg Tabs84
gpreg150056,Pregabalin 150mg Caps56
gpregtabs150056,Pregabalin 150mg Tabs56
gpreg200084,Pregabalin 200mg Caps #84
gpregtabs200084,Pregabalin 200mg Tabs84
gpregs0200473,Pregabalin 20mg/ml Solution #473ml
gpreg225056,Pregabalin 225mg Caps56
gpregtabs225056,Pregabalin 225mg Tabs56
gpreg025056,Pregabalin 25mg Caps #56
gpreg025084,Pregabalin 25mg Caps #84
gpregtabs025056,Pregabalin 25mg Tabs56
gpreg300056,Pregabalin 300mg Caps56
gpregtabs300056,Pregabalin 300mg Tabs **56
gpreg050084,Pregabalin 50mg Caps #84
gpregtab050084,Pregabalin 50mg Tabs ** #84
gpreg075056,Pregabalin 75mg Caps56
gpregtab075056,Pregabalin 75mg Tabs56
gprim050100,Primidone 50mg Tabs100
gpro003050,Prochlorperazine 3mg Tabs  #50
gpro0030008,Prochlorperazine 3mg Tabs (P)  #8
gpro528,Prochlorperazine 5mg Tab28
gpro584,Prochlorperazine 5mg Tab84
gpro528t,Procyclidine 5mg Tabs28
gpro5500,Procyclidine 5mg Tabs500
gprog100030,Progesterone 100mg Caps30
gprom25250,Promazine 25mg Tabs100
gprom50250,Promazine 50mg Tabs100
gprom0010056,Promethazine 10mg Tabs56
gprom0025056,Promethazine Hydrochloride 25mg Tabs56
gprom0025028,Promethazine Teoclate 25mg Tabs28
gpropan015112,Propantheline Bromide 15mg Tabs112
gprop015056,Propiverine 15mg Tabs56
gpro101000,Propranolol 10mg Tabs1000
gpro1028,Propranolol 10mg Tabs  #28
gpro16028sr,Propranolol 160mg SR Caps28
gpro160100sr,Propranolol 160mg Tabs (Bedranol)56
gpro401000,Propranolol 40mg Tabs1000
gpro4028,Propranolol 40mg Tabs #28
gpro8028sr,Propranolol 80mg SR Caps28
gpro8028srs,Propranolol 80mg SR Caps (Bedranol) ** #28
gpro8028t,Propranolol 80mg Tabs #56
gprop10mg150,Propranolol Solution S/F 10mg/5ml150ml
gprop40mg150,Propranolol Solution S/F 40mg/5ml150ml
gprop50mg150,Propranolol Solution S/F 50mg/5ml #150ml
gprop05mg150,Propranolol Solution S/F 5mg/5ml150ml
gpropy100056,Propylthiouracil 100mg Tabs56
gpro50100,Propylthiouracil 50mg Tabs #100
gpro5056,Propylthiouracil 50mg Tabs #56
gpru001028,Prucalopride 1mg Tabs #28
gpru002028,Prucalopride 2mg Tabs #28
gpyr012150,Pyridostigmine Bromide 12mg/ml Oral Solution (W)150ml
gpyr060200,Pyridostigmine Bromide 60mg Tabs200
gpyr5028,Pyridoxine 50mg Tabs28
gpyr50281,Pyridoxine 50mg Tabs (Unlicenced) #28
gque100060,Quetiapine 100mg Tabs  #60
gque150060,Quetiapine 150mg Tabs #60
gque200060,Quetiapine 200mg Tabs  #60
gque025060,Quetiapine 25mg Tabs60
gque300060,Quetiapine 300mg Tabs  #60
gque050060,Quetiapine 50mg Tabs60
gquex150060,Quetiapine XL 150mg Tabs ** #60
gquex050060,Quetiapine XL 50mg Tabs #60
gquin075030,Quinagolide 75mcg Tabs30
gquib300028,Quinine Bisulphate 300mg28
gqui200028,Quinine Sulphate 200mg28
gqui300028,Quinine Sulphate 300mg28
grab010028,Rabeprazole 10mg GR Tabs28
grab020028,Rabeprazole 20mg GR Tabs28
gral6028,Raloxifene 60mg Tabs28
gram1.2528c,Ramipril 1.25mg Caps28
gram1.2528t,Ramipril 1.25mg Tabs #28
gram1028c,Ramipril 10mg Caps28
gram1028t,Ramipril 10mg Tabs28
gram2.528c,Ramipril 2.5mg Caps28
gram2.528t,Ramipril 2.5mg Tabs28
gram528c,Ramipril 5mg Caps28
gram528t,Ramipril 5mg Tabs*28
gran0375060,Ranolazine 375mg Tabs60
gran0500060,Ranolazine 500mg Tabs60
gran0750060,Ranolazine 750mg Tabs60
gras001028,Rasagiline 1mg Tabs28
grep0.5030,Repaglinide 0.5mg Tabs #30
grep0.5090,Repaglinide 0.5mg Tabs #90
grep1.0030,Repaglinide 1mg Tabs30
grep1.0090,Repaglinide 1mg Tabs #90
grep2.0090,Repaglinide 2mg Tabs90
grif300300100,Rifampicin 300mg Caps      100100
grilt050056,Riluzole 50mg Tabs #56
grise035004,Risedronate 35mg Tabs4
grise005028,Risedronate 5mg Tabs **28
grisp0.25020,Risperidone 0.25mg Tabs20
grisp0.5020,Risperidone 0.5mg Tabs20
grisp1.020,Risperidone 1mg Tabs20
grisp1.060,Risperidone 1mg Tabs60
grispl1.00100,Risperidone 1mg/1ml Oral Solution100ml
grisp2.060,Risperidone 2mg Tabs #60
grisp3.060,Risperidone 3mg Tabs60
grisp4.060,Risperidone 4mg Tabs60
grisp6.028,Risperidone 6mg Tabs28
grispd0.5028,Risperidone Dispersible 0.5mg Tabs28
grispd1.0028,Risperidone Dispersible 1mg Tabs28
grispd2.0028,Risperidone Dispersible 2mg Tabs **28
grispd3.0028,Risperidone Dispersible 3mg tabs **28
grispd4.0028,Risperidone Dispersible 4mg Tabs28
grivarox010028c,Rivaroxaban 10mg Caps28
grivarox010030,Rivaroxaban 10mg Tabs30
grivarox015028c,Rivaroxaban 15mg Caps28
grivarox015028,Rivaroxaban 15mg Tabs28
grivarox015014,Rivaroxaban 15mg Tabs14
grivarox002056,Rivaroxaban 2.5mg Tabs #56
grivarox020028c,Rivaroxaban 20mg Caps28
grivarox020028,Rivaroxaban 20mg Tabs28
griva1.5056,Rivastigmine 1.5mg Caps28
grivas002120,Rivastigmine 2mg/ml Solution (D)120ml
griva3.0056,Rivastigmine 3.0mg Caps28
griva4.5056,Rivastigmine 4.5mg Caps28
griva6.0056,Rivastigmine 6mg Caps28
grivap13.3030,Rivastigmine Transdermal Patch 13.3mg/24hr30
grivap04.6030,Rivastigmine Transdermal Patch 4.6mg/24hr30
grivap09.5030,Rivastigmine Transdermal Patch 9.5mg/24hr30
grizam010006,Rizatriptan 10mg Orodispersibl Tabs #6
grizam010003,Rizatriptan 10mg Orodispersible Tabs #3
grizat010006,Rizatriptan 10mg Tabs  #6
grizat010003,Rizatriptan 10mg Tabs #3
grizat005006,Rizatriptan 5mg Tabs #6
grop0.2512,Ropinirole 0.25mg Tabs12
grop0.5028,Ropinirole 0.5mg Tabs28
grop0184,Ropinirole 1mg Tabs84
grop228,Ropinirole 2mg Tabs28
grop0284,Ropinirole 2mg Tabs84
grop0584,Ropinirole 5mg Tabs84
gropxl002028,Ropinirole XL 2mg Tabs ** #28
gropxl004028,Ropinirole XL 4mg Tabs #28
gropxl008028,Ropinirole XL 8mg Tabs **28
grosuc010028,Rosuvastatin 10mg Caps28
grosu010028,Rosuvastatin 10mg Tabs28
grosuc020028,Rosuvastatin 20mg Caps28
grosu020028,Rosuvastatin 20mg Tabs28
grosu020250,Rosuvastatin 20mg Tabs250
grosuc040028,Rosuvastatin 40mg Caps28
grosu040028,Rosuvastatin 40mg Tabs28
grosuc005028,Rosuvastatin 5mg Caps28
grosu005028,Rosuvastatin 5mg Tabs28
grot004028,Rotigotine Transdermal 4mg/24hr Patch28
grot008028,Rotigotine Transdermal 8mg/24hr Patch28
grupa010030,Rupatadine 10mg Tabs30
gsaleb,Salamol EASI-BREATHE Inhaler #200d
gsal428,Salbutamol 4mg Tabs28
gsalinsol2.5,Salbutamol Inh.Sol 2.5mg/2.5ml ##20
gsalinhsol5030,#REF!
gsalinhsol5,Salbutamol Inh.Sol 5mg/2.5ml  #20
gsalair,Salbutamol Inhaler CFC Free 100mcg 200d TEVA/IVAX1
gsal.p10ml,Saline 0.9 Nasal Drops 10ml (CE marked)10ml
gsalster20ml,Saline 0.9% (Sodium Chloride) Nebuliser Soln 2.5ml20
gsalsteri002020,Saline Steripoules Nebuliser Soln 2.5ml20
gsalmi120d,Salmeterol 25mcg Inhaler #120d
gsen100,Senna Tabs 100s100
gsen60,Senna Tabs 60s (Calcium Sennoside) #60
gser10028,Sertraline 100mg Tabs28
gser100005060os,Sertraline 100mg/5ml Concentrate for Oral Solution60ml
gser15030,Sertraline 150mg Tabs #30
gser20030,Sertraline 200mg Tabs30
gser02528,Sertraline 25mg Tabs28
gser05028,Sertraline 50mg Tabs28
gser050005150os,Sertraline 50mg/5ml Oral Suspension150ml
gseve08000180,Sevelamer  800mg Tabs **180
gsil100004,Sildenafil 100mg Tabs4
gsil100008,Sildenafil 100mg Tabs8
gsil020090,Sildenafil 20mg Tabs90
gsil025004,Sildenafil 25mg Tabs #4
gsil025008,Sildenafil 25mg Tabs #8
gsil050004,Sildenafil 50mg Tabs4
gsil050008,Sildenafil 50mg Tabs8
gsimeye,Simple Eye Ointment4g
gsim1028,Simvastatin 10mg Tabs*28
gsim20500,Simvastatin 20mg Tabs (POTS) #500
gsim2028,Simvastatin 20mg Tabs*28
gsim40500,Simvastatin 40mg Tabs (POTS)500
gsim4028,Simvastatin 40mg Tabs*28
gsim8028,Simvastatin 80mg Tabs  #28
gsitag0100028,Sitagliptin 100mg Tabs28
gsitags0100005150,Sitagliptin 100mg/5ml Oral Solution150ml
gsitag0025028,Sitagliptin 25mg Tabs28
gsitag0050028,Sitagliptin 50mg Tabs28
gsitamet05001000056,Sitagliptin/Metformin 50mg/1000mg Tabs #56
gsodalgani250,Sodium Alginate OralSolutionAniseed(AcidexAdv)#250ml
gsodalgani500,Sodium Alginate OralSolutionAniseed(AcidexAdv)(W)#500ml
gsodalgpep250,Sodium Alginate OralSolutionPepmint(AcidexAdv)#250ml
gsodalgpep500,Sodium Alginate OralSolutionPepmint(AcidexAdv)(W)#500ml
gsodbicap1,Sodium Bicarbonate 500mg Caps (Licenced)56
gsodbicap,Sodium Bicarbonate 500mg Caps (Unlicensed)100
gsodbic0840100s,Sodium Bicarbonate 84mg/ml Solution100ml
gsodbiearnpl,Sodium Bicarbonate Ear Drops (OTC)10ml
gsodch001100,Sodium Chloride (Syrisal) 292.5mg/5ml Sol  #100ml
gsodch0.9inj10,Sodium Chloride 0.9% Inj.10ml10
gsodch0.9inj5,Sodium Chloride 0.9% Inj.5ml10
gsodchd0.50010,Sodium Chloride 5% Eye Drops10ml
gsodch005010,Sodium Chloride 5% PF Eye Drops10ml
gsodch005pf005g,Sodium Chloride 5% PF Eye Ointment5g
gsodch0.925,Sodium Chloride Irrigation Sol. 0.9% 20ml1x25
gsodiclt0800060,Sodium Clodronate 800mg Tabs **60
gsodcro01000100c,Sodium Cromoglicate 100mg Caps **100
gsod13.5ml1,Sodium Cromoglicate Eye Drops10ml
gsod13.5ml,Sodium Cromoglicate Eye Drops POM13.5ml
gsodhyaedpf02010,Sodium Hyaluronate 0.2% PF Eye Drops10ml
gsodpic05100,Sodium Picosulfate 5mg/5ml Solution  #100ml
gsodpic05300,Sodium Picosulfate 5mg/5ml Solution  #300ml
gsod200300,Sodium Valp 200/5ml Liquid S/F300ml
gsod200030,Sodium Valproate 200mg GR Tabs30
gsod500030,Sodium Valproate 500mg GR Tabs30
gsodvalcr0300030,Sodium Valproate CR 300mg Tabs30
gsodvalcr0500030,Sodium Valproate CR 500mg Tabs30
gsoltam006004030,Solifenacin & Tamsulosin 6mg/0.4mg MR Tabs30
gsolif0100030,Solifenacin 10mg Tabs30
gsolif0050030,Solifenacin 5mg Tabs30
pisopr100200,Soprobec 100mcg Inhaler200d
pisopr200200,Soprobec 200mcg Inhaler200d
pisopr250200,Soprobec 250mcg Inhaler #200d
pisopr050200,Soprobec 50mcg Inhaler200d
gsot16028,Sotalol 160mg Tabs28
gsot40,Sotalol 40mg Tabs28
gsot8028,Sotalol 80mg Tabs28
gspi100100,Spironolactone 100mg Tabs28
gspi1228,Spironolactone 12.5mg Tabs28
gspi2528,Spironolactone 25mg Tabs28
gspi5028,Spironolactone 50mg Tabs28
gsuc001005200,Sucralfate 1g/5ml Susp200ml
gsul5000112,Sulfasalazine 500mg EC Tabs112
gsul5000100,Sulfasalazine 500mg EC Tabs 100s #100
gsul500100,Sulfasalazine 500mg Tabs112
gsul20028,Sulpiride 200mg Blister30
gsul20005os,Sulpiride 200mg/5ml Oral Sol150ml
gsul40030,Sulpiride 400mg Tabs30
gsum10006,Sumatriptan 100mg Tabs6
gsumic003002,Sumatriptan 3mg/0.5ml Injection2
gsum05006,Sumatriptan 50mg Tabs6
gsumic006002,Sumatriptan 6mg/0.5ml Injection2
gtaco0001030,Tacrolimus 0.1% Ointment #30g
gtaco0001060,Tacrolimus 0.1% Ointment #60g
gtadal10tab4,Tadalafil 10mg Tabs #4
gtadal2.5tab28,Tadalafil 2.5mg Tabs #28
gtadal20tab4,Tadalafil 20mg Tabs4
gtadal20tab8,Tadalafil 20mg Tabs #8
gtadal5tab28,Tadalafil 5mg Tabs  #28
gtam1030,Tamoxifen 10mg Tabs #30
gtam2030,Tamoxifen 20mg Tabs (Blister)30
gtam4030,#REF!
gtamdut4005000030,Tamsulosin & Dutasteride 0.4mg/0.5mg Caps30
gtam0.4,Tamsulosin 400mcg MR Caps30
gtam0.4t,Tamsulosin 400mcg MR Tabs30
gtam0400200,Tamsulosin 400mcg PR Caps200
gtap100056t,Tapentadol Tartrate 100mg PR Tabs56
gtap150056t,Tapentadol Tartrate 150mg PR Tabs56
gtap200056t,Tapentadol Tartrate 200mg PR Tabs56
gtap250056t,Tapentadol Tartrate 250mg PR Tabs56
gtap050028t,Tapentadol Tartrate 50mg PR Tabs28
gtap050056t,Tapentadol Tartrate 50mg PR Tabs56
gtelm020028,Telmisartan 20mg Tabs #28
gtelm040028,Telmisartan 40mg Tabs #28
gtelm080028,Telmisartan 80mg Tabs  #28
gtelmp040012028,Telmisartan HCTZ 40mg/12.5mg Tabs **28
gtelmp080012028,Telmisartan HCTZ 80mg/12.5mg Tabs **28
gtelmp080025028,Telmisartan HCTZ 80mg/25mg Tabs (D)28
gtem1028a,Temazepam 10mg Tabs28
gtemoral,Temazepam 10mg/5mg Oral Solution300ml
gtem2028a,Temazepam 20mg Tabs28
gteno245030,Tenofovir 245mg Tabs30
gter30,Terazosin 10mg Tabs **28
gter228,Terazosin 2mg Tabs28
gter29,Terazosin 5mg Tabs28
gterb115,Terbinafine 1% Cream15g
gterb130,Terbinafine 1% Cream30g
gterb25014,Terbinafine 250mg Tabs14
gterb25028,Terbinafine 250mg Tabs #28
gter5/2ml,Terbutaline Nebules 2.5mg/ml20
gtet025112,Tetrabenazine 25mg Tabs **112
gtet250500,Tetracycline 250mg Tabs #28
gthia0100028,Thiamine 100mg Tabs (Licensed)28
gthia100,Thiamine 100mg Tabs (Licensed)100
gthi100101,Thiamine 100mg Tabs (Unlicensed)100
gthia0050028,Thiamine 50mg Tabs (Licensed)28
gthia50,Thiamine 50mg Tabs (Licensed)100
gthi50101,Thiamine 50mg Tabs (Unlicensed)100
gtibt0025028,Tibolone 2.5mg Tabs28
gtibt0025084,Tibolone 2.5mg Tabs84
gtim025,Timolol 0.25% Eye Drops5ml
gtim05,Timolol 0.5 Eye Drops5ml
gtim010030,Timolol 10mg Tabs **30
gtionl283012,Tioconazole 283mg/ml Nail Lacquer **12ml
gtiog018030,Tiotropium (Tiogiva) 18mcg Caps30
gtiog018060,Tiotropium (Tiogiva) 18mcg Caps #60
gtiogi018030,Tiotropium (Tiogiva) 18mcg Caps + Inhaler30
gtiz2120,Tizanidine 2mg Tabs120
gtiz4120,Tizanidine 4mg Tabs120
gtol500028,Tolbutamide 500mg Tabs **28
gtol001056,Tolterodine 1mg Tabs56
gtol002028c,Tolterodine 2mg PR Caps28
gtol002056,Tolterodine 2mg Tabs56
gtop10060,Topiramate 100mg Tabs #60
gtop20060,Topiramate 200mg Tabs60
gtopos020150,Topiramate 20mg/ml S/F Oral Solution150ml
gtopos020280,Topiramate 20mg/ml S/F Oral Solution Ambient280ml
gtop02560,Topiramate 25mg Tabs60
gtop05060,Topiramate 50mg Tabs60
gtrapar037325060,Tramadol & Paracetamol Tabs60
gtrams100,Tramadol 100 MR Tabs60
gtrams150,Tramadol 150 MR Tabs60
gtrams200,Tramadol 200 MR Tabs **60
gtram50101,Tramadol 50mg Caps30
gtram50100,Tramadol 50mg Caps100
gtramsr100c,Tramadol SR 100mg Caps60
gtramsr150c,Tramadol SR 150mg Caps60
gtramsr200c,Tramadol SR 200mg Caps60
gtramsr050c,Tramadol SR 50mg Caps60
gtran0.5,Trandolapril 0.5mg Caps  #14
gtra50060,Tranexamic Acid 500mg Tabs60
gtravtim040005002,Travoprost & Timolol 40mcg/5mg Eye Drops #2.5ml
gtravo040002,Travoprost 0.04% Eye Drops2.5ml
gtra10056,Trazodone 100mg Caps56
gtra15028,Trazodone 150mg Tabs28
gtra5084,Trazodone 50mg Caps84
gtra50tab84,Trazodone 50mg Tabs84
gtral050120,Trazodone 50mg/5ml Liquid120ml
gtri5150s,Trifluoperazine 5mg/5ml Solution150ml
gbenz284,Trihexyphenidyl (Benzhexol) 2mg Tabs **84
gbenz4084,Trihexyphenidyl (Benzhexol) 5mg Tabs **84
gtri10028,Trimethoprim 100mg Tabs #28
gtri20014,Trimethoprim 200mg Tabs #14
gtri20006,Trimethoprim 200mg Tabs#6
gtri50100,Trimethoprim 50mg Suspension #100ml
gtrim1028,Trimipramine 10mg Tabs28
gtrim2528,Trimipramine 25mg Tabs28
gtrim5028,Trimipramine 50mg Caps28
gtro2060,Trospium Chloride 20mg Tabs60
gulip030001,Ulipristal 30mg Tab1
gurso150,Ursodeoxycholic Acid 150mg Tabs #60
gurso250mg,Ursodeoxycholic Acid 250mg Caps60
gurs03000060,Ursodeoxycholic Acid 300mg Tabs **60
gurs05000060,Ursodeoxycholic Acid 500mg Tabs #60
gurs05000100,Ursodeoxycholic Acid 500mg Tabs **100
gvala50042,Valaciclovir 500mg Tabs42
gvalg0450060,Valganciclovir Hydrochloride 450mg Tabs #60
gvalpacsemisod250mg,Valproic Acid 250mg GR Tabs30
gvalpacsemisod500mg,Valproic Acid 500mg GR Tabs **30
gvalsc160028,Valsartan 160mg Caps28
gvalst160028,Valsartan 160mg Tabs28
gvalst320028,Valsartan 320mg Tabs28
gvalsc040028,Valsartan 40mg Caps28
gvalst040007,Valsartan 40mg Tabs7
gvalst040028,Valsartan 40mg Tabs28
gvalsc080028,Valsartan 80mg Caps28
gvan0250028,Vancomycin 250mg Caps28
gvan0125028,Vancomycin Matrigel 125mg Caps28
gvarde010004,Vardenafil 10mg Tabs4
gvarde020004,Vardenafil 20mg Tabs #4
gvarde005004,Vardenafil 5mg Tabs4
gvar0005028,Varenicline 0.5mg Tabs28
gvar0005056,Varenicline 0.5mg Tabs56
gvar0010050025,Varenicline 0.5mg/1mg initiation tabs25
gvar0010028,Varenicline 1mg Tabs28
pivenxl150028,Venlablue 150mg XL Caps28
pivenxl037028,Venlablue 37.5mg XL Caps28
pivenxl075028,Venlablue 75mg XL Caps28
gvenxl15028,Venlafaxine 150mg XL Caps #28
gvenxlt150028,Venlafaxine 150mg XL Tabs30
gvenxlt150030,Venlafaxine 150mg XL Tabs (Sunveniz)  #30
gvenxl225030,Venlafaxine 225mg XL Caps28
gvenxlt225030,Venlafaxine 225mg XL Tabs30
gvenxlt300030,Venlafaxine 300mg XL Tabs30
gven03756,Venlafaxine 37.5mg Tabs56
gvenxl037528,Venlafaxine 37.5mg XL Caps #28
gvenxlt037028,Venlafaxine 37.5mg XL Tabs30
gven07556,Venlafaxine 75mg Tabs56
gvenxl07528,Venlafaxine 75mg XL Caps28
gvenxlt075028,Venlafaxine 75mg XL Tabs #30
gvenxlt075030,Venlafaxine 75mg XL Tabs (Sunveniz)     #30
gver241sr,Verapamil 120mg SR Tabs28
gver120100,Verapamil 120mg Tabs **28
gver160100,Verapamil 160mg Tabs56s
gver240sr,Verapamil 240mg SR Tabs28
gver40100,Verapamil 40mg Tabs #84
gversus40mg,Verapamil 40mg/5ml Solution S/F150ml
gver8084,Verapamil 80mg Tabs #84
gvild050056,Vildagliptin 50mg Tabs56
gvildmetf0500850060,Vildagliptin/Metformin 50mg/850mg Tabs60
gvitad028,Vitamin A & D Caps (Unlicenced) (D)28
gvitbbcost28l,Vitamin B Co Strong28
gvitbbcost28,Vitamin B Co Strong (Unlicensed)  #28
gvitbco0028,Vitamin B Compound Tabs (D)28
gvit1000,Vitamin BPC Caps (Unlicensed) (POTS)1000
gwar0528,Warfarin 0.5mg Tabs28
gwar1028,Warfarin 1mg Tabs28
gwar3028,Warfarin 3mg Tabs28
gwar5028,Warfarin 5mg Tabs28
gwat1010,Water For Injection 10mls10
gwat1025,Water For Injection 10mls25
gwat2010,Water For Injection 2mls (W)10
gwat0510,Water For Injection 5mls10
gwhipara,White Soft Paraffin500g
gwhi/par500,White Soft/Liq Paraffin500g
gxyl001010,Xylometazoline 0.1% Nasal Spray10ml
piyal1000028,Yaltormin SR 1000mg PR Tabs28
piyal1000056,Yaltormin SR 1000mg PR Tabs56
piyal0500028,Yaltormin SR 500mg PR Tabs28
piyal0500056,Yaltormin SR 500mg PR Tabs56
piyal0750056,Yaltormin SR 750mg PR Tabs56
pizapt030500050,#REF!
gzolm002006,Zolmitriptan 2.5mg Tabs6
gzolm005006,Zolmitriptan 5mg Tabs6
gzolmo002006,Zolmitriptan Orodispersible 2.5mg Tabs6
gzolmo005006,Zolmitriptan Orodispersible 5mg Tabs6
gzol1030,Zolpidem 10mg Tabs28
gzol528,Zolpidem 5mg tablets28
gzop3.75,Zopiclone 3.75mg Tabs28
gzop7520,Zopiclone 7.5mg Tabs28
